/*
 Navicat Premium Data Transfer

 Source Server         : localhost_3306
 Source Server Type    : MySQL
 Source Server Version : 50726
 Source Host           : localhost:3306
 Source Schema         : interview_system

 Target Server Type    : MySQL
 Target Server Version : 50726
 File Encoding         : 65001

 Date: 24/04/2026 00:55:23
*/

SET NAMES utf8mb4;
SET FOREIGN_KEY_CHECKS = 0;

-- ----------------------------
-- Table structure for applications
-- ----------------------------
DROP TABLE IF EXISTS `applications`;
CREATE TABLE `applications`  (
  `id` int(11) NOT NULL AUTO_INCREMENT COMMENT '主键',
  `job_id` int(11) NOT NULL COMMENT '岗位表主键',
  `candidate_id` int(11) NOT NULL COMMENT '候选人主键',
  `status` varchar(20) CHARACTER SET utf8mb4 COLLATE utf8mb4_unicode_ci NULL DEFAULT 'pending' COMMENT '状态(待处理/面试邀约/线下面试/成功入职/已拒绝)',
  `match_score` float NULL DEFAULT 0 COMMENT '匹配度分数',
  `created_at` datetime NULL DEFAULT CURRENT_TIMESTAMP COMMENT '创建时间',
  `updated_at` datetime NULL DEFAULT CURRENT_TIMESTAMP ON UPDATE CURRENT_TIMESTAMP COMMENT '更新时间',
  `interview_location` varchar(255) CHARACTER SET utf8mb4 COLLATE utf8mb4_unicode_ci NULL DEFAULT NULL COMMENT '面试地点',
  `interview_time` datetime NULL DEFAULT NULL COMMENT '面试时间',
  `interviewer_info` text CHARACTER SET utf8mb4 COLLATE utf8mb4_unicode_ci NULL COMMENT '面试官信息',
  `interview_notes` text CHARACTER SET utf8mb4 COLLATE utf8mb4_unicode_ci NULL COMMENT '面试备注',
  `offer_sent` tinyint(1) NULL DEFAULT 0 COMMENT '是否已发送入职通知',
  `offer_accepted` tinyint(1) NULL DEFAULT 0 COMMENT '候选人是否接受入职通知',
  `interview_invited_at` datetime NULL DEFAULT NULL COMMENT '发送面试邀约的时间',
  `interview_confirmed_at` datetime NULL DEFAULT NULL COMMENT '候选人确认面试的时间',
  `interview_completed_at` datetime NULL DEFAULT NULL COMMENT '线下面试完成的时间',
  `offer_sent_at` datetime NULL DEFAULT NULL COMMENT '发送入职通知的时间',
  PRIMARY KEY (`id`) USING BTREE,
  INDEX `job_id`(`job_id`) USING BTREE,
  INDEX `candidate_id`(`candidate_id`) USING BTREE,
  INDEX `idx_status`(`status`) USING BTREE,
  INDEX `idx_match_score`(`match_score`) USING BTREE,
  CONSTRAINT `applications_ibfk_1` FOREIGN KEY (`job_id`) REFERENCES `jobs` (`id`) ON DELETE CASCADE ON UPDATE RESTRICT,
  CONSTRAINT `applications_ibfk_2` FOREIGN KEY (`candidate_id`) REFERENCES `candidates` (`id`) ON DELETE CASCADE ON UPDATE RESTRICT
) ENGINE = InnoDB AUTO_INCREMENT = 42 CHARACTER SET = utf8mb4 COLLATE = utf8mb4_unicode_ci COMMENT = '申请表' ROW_FORMAT = Dynamic;

-- ----------------------------
-- Records of applications
-- ----------------------------
INSERT INTO `applications` VALUES (1, 1, 1, '已拒绝', 0.85, '2026-03-08 10:27:02', '2026-03-08 11:41:42', NULL, NULL, '测试经理', '面试须知：\n1. 请提前15分钟到达面试地点\n2. 携带身份证等有效证件\n3. 准备好个人简历\n4. 着装得体', 0, 0, NULL, NULL, NULL, NULL);
INSERT INTO `applications` VALUES (2, 1, 4, '面试邀约', 0.78, '2026-03-08 10:27:02', '2026-03-08 11:46:32', 'earth', '2026-03-08 11:46:00', 'mr.p', '面试须知：\n1. 请提前15分钟到达面试地点\n2. 携带身份证等有效证件\n3. 准备好个人简历\n4. 着装得体', 0, 0, '2026-03-08 03:46:32', NULL, NULL, NULL);
INSERT INTO `applications` VALUES (3, 2, 2, '待处理', 0.92, '2026-03-08 10:27:02', '2026-03-08 11:41:42', NULL, NULL, '测试经理', '面试须知：\n1. 请提前15分钟到达面试地点\n2. 携带身份证等有效证件\n3. 准备好个人简历\n4. 着装得体', 0, 0, NULL, NULL, NULL, NULL);
INSERT INTO `applications` VALUES (4, 2, 6, '待处理', 0.65, '2026-03-08 10:27:02', '2026-03-08 11:41:42', NULL, NULL, '测试经理', '面试须知：\n1. 请提前15分钟到达面试地点\n2. 携带身份证等有效证件\n3. 准备好个人简历\n4. 着装得体', 0, 0, NULL, NULL, NULL, NULL);
INSERT INTO `applications` VALUES (5, 3, 1, '成功入职', 0.8, '2026-03-08 10:27:02', '2026-03-08 11:41:42', '佛山', '2026-01-01 13:25:00', '测试经理', '面试须知：\n1. 请提前15分钟到达面试地点\n2. 携带身份证等有效证件\n3. 准备好个人简历\n4. 着装得体', 1, 1, '2025-12-16 05:25:41', '2025-12-16 06:54:14', '2026-03-07 14:48:20', '2025-12-16 07:09:38');
INSERT INTO `applications` VALUES (6, 4, 5, '待处理', 0.88, '2026-03-08 10:27:02', '2026-03-08 11:41:42', NULL, NULL, '测试经理', '面试须知：\n1. 请提前15分钟到达面试地点\n2. 携带身份证等有效证件\n3. 准备好个人简历\n4. 着装得体', 0, 0, NULL, NULL, NULL, NULL);
INSERT INTO `applications` VALUES (7, 5, 3, '待处理', 0.88, '2026-03-08 10:27:02', '2026-03-08 11:41:42', NULL, NULL, '测试经理', '面试须知：\n1. 请提前15分钟到达面试地点\n2. 携带身份证等有效证件\n3. 准备好个人简历\n4. 着装得体', 0, 0, NULL, NULL, NULL, NULL);
INSERT INTO `applications` VALUES (8, 6, 8, '待处理', 0.75, '2026-03-08 10:27:02', '2026-03-08 11:41:42', NULL, NULL, '测试经理', '面试须知：\n1. 请提前15分钟到达面试地点\n2. 携带身份证等有效证件\n3. 准备好个人简历\n4. 着装得体', 0, 0, NULL, NULL, NULL, NULL);
INSERT INTO `applications` VALUES (9, 7, 8, '待处理', 0.7, '2026-03-08 10:27:02', '2026-03-08 11:41:42', NULL, NULL, '测试经理', '面试须知：\n1. 请提前15分钟到达面试地点\n2. 携带身份证等有效证件\n3. 准备好个人简历\n4. 着装得体', 0, 0, NULL, NULL, NULL, NULL);
INSERT INTO `applications` VALUES (10, 8, 1, '待处理', 0.72, '2026-03-08 10:27:02', '2026-03-08 11:41:42', NULL, NULL, '测试经理', '面试须知：\n1. 请提前15分钟到达面试地点\n2. 携带身份证等有效证件\n3. 准备好个人简历\n4. 着装得体', 0, 0, NULL, NULL, NULL, NULL);
INSERT INTO `applications` VALUES (11, 8, 4, '待处理', 0.8, '2026-03-08 10:27:02', '2026-03-08 11:41:42', NULL, NULL, '测试经理', '面试须知：\n1. 请提前15分钟到达面试地点\n2. 携带身份证等有效证件\n3. 准备好个人简历\n4. 着装得体', 0, 0, NULL, NULL, NULL, NULL);
INSERT INTO `applications` VALUES (12, 9, 2, '待处理', 0.88, '2026-03-08 10:27:02', '2026-03-08 11:41:42', NULL, NULL, '测试经理', '面试须知：\n1. 请提前15分钟到达面试地点\n2. 携带身份证等有效证件\n3. 准备好个人简历\n4. 着装得体', 0, 0, NULL, NULL, NULL, NULL);
INSERT INTO `applications` VALUES (13, 9, 6, '待处理', 0.9, '2026-03-08 10:27:02', '2026-03-08 11:41:42', NULL, NULL, '测试经理', '面试须知：\n1. 请提前15分钟到达面试地点\n2. 携带身份证等有效证件\n3. 准备好个人简历\n4. 着装得体', 0, 0, NULL, NULL, NULL, NULL);
INSERT INTO `applications` VALUES (14, 11, 5, '待处理', 0.85, '2026-03-08 10:27:02', '2026-03-08 11:41:42', NULL, NULL, '测试经理', '面试须知：\n1. 请提前15分钟到达面试地点\n2. 携带身份证等有效证件\n3. 准备好个人简历\n4. 着装得体', 0, 0, NULL, NULL, NULL, NULL);
INSERT INTO `applications` VALUES (15, 12, 5, '待处理', 0.78, '2026-03-08 10:27:02', '2026-03-08 11:41:42', NULL, NULL, '测试经理', '面试须知：\n1. 请提前15分钟到达面试地点\n2. 携带身份证等有效证件\n3. 准备好个人简历\n4. 着装得体', 0, 0, NULL, NULL, NULL, NULL);
INSERT INTO `applications` VALUES (20, 2, 1, '待处理', 0, '2026-03-08 10:27:02', '2026-03-08 11:41:42', NULL, NULL, '测试经理', '面试须知：\n1. 请提前15分钟到达面试地点\n2. 携带身份证等有效证件\n3. 准备好个人简历\n4. 着装得体', 0, 0, NULL, NULL, NULL, NULL);
INSERT INTO `applications` VALUES (21, 4, 1, '已拒绝', 0.325, '2026-03-08 10:27:02', '2026-03-08 20:43:55', NULL, NULL, '测试经理', '面试须知：\n1. 请提前15分钟到达面试地点\n2. 携带身份证等有效证件\n3. 准备好个人简历\n4. 着装得体', 0, 0, NULL, NULL, NULL, NULL);
INSERT INTO `applications` VALUES (30, 20, 1, '成功入职', 0, '2026-03-08 10:27:02', '2026-03-08 11:41:42', '广州', '2026-01-31 14:45:00', '李经理', '面试须知：\n1. 请提前15分钟到达面试地点\n2. 携带身份证等有效证件\n3. 准备好个人简历\n4. 着装得体', 1, 1, '2025-12-21 15:48:50', '2025-12-21 15:49:01', '2025-12-21 15:49:12', '2025-12-21 15:44:33');
INSERT INTO `applications` VALUES (31, 21, 1, '已拒绝', 0.190909, '2026-03-08 10:27:02', '2026-03-08 11:41:42', NULL, NULL, NULL, NULL, 0, 0, NULL, NULL, NULL, NULL);
INSERT INTO `applications` VALUES (36, 22, 1, '成功入职', 0, '2026-03-08 20:11:01', '2026-03-08 20:26:27', '广州', '2026-03-15 20:24:00', '李先生', '面试须知：\n1. 请提前15分钟到达面试地点\n2. 携带身份证等有效证件\n3. 准备好个人简历\n4. 着装得体', 1, 1, '2026-03-08 12:24:51', '2026-03-08 12:25:18', '2026-03-08 12:26:27', '2026-03-08 12:26:13');

-- ----------------------------
-- Table structure for candidates
-- ----------------------------
DROP TABLE IF EXISTS `candidates`;
CREATE TABLE `candidates`  (
  `id` int(11) NOT NULL AUTO_INCREMENT COMMENT '主键',
  `user_id` int(11) NOT NULL COMMENT 'User表主键',
  `real_name` varchar(50) CHARACTER SET utf8mb4 COLLATE utf8mb4_unicode_ci NULL DEFAULT NULL COMMENT '真实姓名',
  `gender` varchar(10) CHARACTER SET utf8mb4 COLLATE utf8mb4_unicode_ci NULL DEFAULT NULL COMMENT '性别',
  `birth_date` varchar(50) CHARACTER SET utf8mb4 COLLATE utf8mb4_unicode_ci NULL DEFAULT NULL COMMENT '出生日期',
  `phone` varchar(20) CHARACTER SET utf8mb4 COLLATE utf8mb4_unicode_ci NULL DEFAULT NULL COMMENT '电话',
  `email` varchar(100) CHARACTER SET utf8mb4 COLLATE utf8mb4_unicode_ci NULL DEFAULT NULL COMMENT '邮箱',
  `education` varchar(50) CHARACTER SET utf8mb4 COLLATE utf8mb4_unicode_ci NULL DEFAULT NULL COMMENT '学历',
  `major` varchar(100) CHARACTER SET utf8mb4 COLLATE utf8mb4_unicode_ci NULL DEFAULT NULL COMMENT '专业',
  `work_experience` varchar(50) CHARACTER SET utf8mb4 COLLATE utf8mb4_unicode_ci NULL DEFAULT NULL COMMENT '工作年限',
  `skills` text CHARACTER SET utf8mb4 COLLATE utf8mb4_unicode_ci NULL COMMENT '技能标签',
  `target_job` varchar(100) CHARACTER SET utf8mb4 COLLATE utf8mb4_unicode_ci NULL DEFAULT NULL COMMENT '求职意向',
  `expected_salary` varchar(50) CHARACTER SET utf8mb4 COLLATE utf8mb4_unicode_ci NULL DEFAULT NULL COMMENT '期望薪资',
  `experience_summary` text CHARACTER SET utf8mb4 COLLATE utf8mb4_unicode_ci NULL COMMENT '经验摘要',
  `job_status` varchar(20) CHARACTER SET utf8mb4 COLLATE utf8mb4_unicode_ci NULL DEFAULT '求职中' COMMENT '求职状态',
  `self_introduction` text CHARACTER SET utf8mb4 COLLATE utf8mb4_unicode_ci NULL COMMENT '个人简介',
  `created_at` datetime NULL DEFAULT CURRENT_TIMESTAMP COMMENT '创建时间',
  `updated_at` datetime NULL DEFAULT CURRENT_TIMESTAMP ON UPDATE CURRENT_TIMESTAMP COMMENT '更新时间',
  PRIMARY KEY (`id`) USING BTREE,
  UNIQUE INDEX `user_id`(`user_id`) USING BTREE,
  INDEX `idx_target_job`(`target_job`) USING BTREE,
  INDEX `idx_job_status`(`job_status`) USING BTREE,
  CONSTRAINT `candidates_ibfk_1` FOREIGN KEY (`user_id`) REFERENCES `users` (`id`) ON DELETE CASCADE ON UPDATE RESTRICT
) ENGINE = InnoDB AUTO_INCREMENT = 20 CHARACTER SET = utf8mb4 COLLATE = utf8mb4_unicode_ci COMMENT = '应聘者实体' ROW_FORMAT = Dynamic;

-- ----------------------------
-- Records of candidates
-- ----------------------------
INSERT INTO `candidates` VALUES (1, 6, '张三', '男', '1995-03-15', '13912345001', 'zhangsan@email.com', '本科', '计算机科学与技术', '3-5年', 'Python,FastAPI,MySQL,Redis,Docker', 'python工程师', '20k-30k', '3年Python后端开发经验，熟悉微服务架构，有大型项目经验。', '求职中', '热爱编程，注重代码质量，善于解决复杂技术问题。具备良好的团队协作能力和学习能力。', '2026-03-07 22:27:28', '2026-03-08 11:41:58');
INSERT INTO `candidates` VALUES (2, 7, '王丽', '女', '1997-06-20', '13912345002', 'wangli@email.com', '硕士', '软件工程', '1-3年', 'Vue.js,React,TypeScript,Node.js,Webpack', '前端开发工程师', '15k-25k', '2年前端开发经验，精通现代前端框架，注重用户体验', '求职中', '热衷于前端技术，追求完美的用户体验。熟练掌握现代前端技术栈。', '2026-03-07 22:27:28', '2026-03-08 11:41:58');
INSERT INTO `candidates` VALUES (3, 8, '李明', '男', '1993-09-10', '13912345003', 'liming@email.com', '本科', '金融学', '5年以上', 'Java,Spring Boot,MySQL,Oracle,Kafka', 'Java开发工程师', '25k-35k', '5年Java企业级应用开发经验，熟悉金融业务系统', '观望中', '深耕金融科技领域，具备丰富的企业级应用开发经验。', '2026-03-07 22:27:28', '2026-03-08 11:41:58');
INSERT INTO `candidates` VALUES (4, 9, '赵敏', '女', '1996-12-05', '13912345004', 'zhaomin@email.com', '本科', '软件工程', '1-3年', 'Python,Django,Flask,PostgreSQL,MongoDB', '后端开发工程师', '15k-25k', '2年Python Web开发经验，参与过电商和社交平台项目', '求职中', '对技术充满热情，喜欢研究新技术。有良好的问题分析和解决能力。', '2026-03-07 22:27:28', '2026-03-08 11:41:58');
INSERT INTO `candidates` VALUES (5, 10, '陈浩', '男', '1994-08-22', '13912345005', 'chenhao@email.com', '硕士', '计算机技术', '3-5年', 'Go,Kubernetes,Docker,Microservices,gRPC', '后端开发工程师', '25k-40k', '4年Go语言开发经验，专注于云原生和微服务架构', '求职中', '云原生技术爱好者，熟悉容器化和微服务架构设计。注重系统的可扩展性和高可用性。', '2026-03-07 22:27:28', '2026-03-08 11:41:58');
INSERT INTO `candidates` VALUES (6, 11, '刘芳', '女', '1998-04-18', '13912345006', 'liufang@email.com', '本科', '数字媒体技术', '1年以下', 'HTML,CSS,JavaScript,jQuery,Bootstrap', '前端开发工程师', '8k-15k', '应届毕业生，有扎实的前端基础和学习能力', '求职中', '热爱前端开发，在校期间完成多个Web项目。学习能力强，希望能快速成长。', '2026-03-07 22:27:28', '2026-03-08 11:41:58');
INSERT INTO `candidates` VALUES (7, 12, '黄强', '男', '1992-11-30', '13912345007', 'huangqiang@email.com', '本科', '软件工程', '5年以上', 'C++,Qt,Linux,Embedded,ARM', '嵌入式开发工程师', '20k-35k', '6年嵌入式开发经验，熟悉Linux驱动和ARM架构', '观望中', '专注嵌入式系统开发，有丰富的硬件调试经验。熟悉物联网相关技术。', '2026-03-07 22:27:28', '2026-03-08 11:41:58');
INSERT INTO `candidates` VALUES (8, 13, '徐静', '女', '1995-07-25', '13912345008', 'xujing@email.com', '硕士', '数据科学', '1-3年', 'Python,TensorFlow,PyTorch,Pandas,Sklearn', '算法工程师', '20k-35k', '2年机器学习算法经验，熟悉深度学习框架', '求职中', '对AI技术充满热情，有扎实的数学和编程基础。擅长将理论应用到实际问题中。', '2026-03-07 22:27:28', '2026-03-08 11:41:58');

-- ----------------------------
-- Table structure for hr_profiles
-- ----------------------------
DROP TABLE IF EXISTS `hr_profiles`;
CREATE TABLE `hr_profiles`  (
  `id` int(11) NOT NULL AUTO_INCREMENT COMMENT '主键',
  `user_id` int(11) NOT NULL COMMENT 'User表主键',
  `company_name` varchar(100) CHARACTER SET utf8mb4 COLLATE utf8mb4_unicode_ci NULL DEFAULT NULL COMMENT '公司名称',
  `industry` varchar(50) CHARACTER SET utf8mb4 COLLATE utf8mb4_unicode_ci NULL DEFAULT NULL COMMENT '行业',
  `company_size` varchar(50) CHARACTER SET utf8mb4 COLLATE utf8mb4_unicode_ci NULL DEFAULT NULL COMMENT '公司规模',
  `contact_person` varchar(50) CHARACTER SET utf8mb4 COLLATE utf8mb4_unicode_ci NULL DEFAULT NULL COMMENT '联系人',
  `contact_phone` varchar(20) CHARACTER SET utf8mb4 COLLATE utf8mb4_unicode_ci NULL DEFAULT NULL COMMENT '联系电话',
  `contact_email` varchar(100) CHARACTER SET utf8mb4 COLLATE utf8mb4_unicode_ci NULL DEFAULT NULL COMMENT '联系邮箱',
  `company_description` text CHARACTER SET utf8mb4 COLLATE utf8mb4_unicode_ci NULL COMMENT '公司描述',
  `created_at` datetime NULL DEFAULT CURRENT_TIMESTAMP COMMENT '创建时间',
  `updated_at` datetime NULL DEFAULT CURRENT_TIMESTAMP ON UPDATE CURRENT_TIMESTAMP COMMENT '更新时间',
  PRIMARY KEY (`id`) USING BTREE,
  UNIQUE INDEX `user_id`(`user_id`) USING BTREE,
  CONSTRAINT `hr_profiles_ibfk_1` FOREIGN KEY (`user_id`) REFERENCES `users` (`id`) ON DELETE CASCADE ON UPDATE RESTRICT
) ENGINE = InnoDB AUTO_INCREMENT = 8 CHARACTER SET = utf8mb4 COLLATE = utf8mb4_unicode_ci COMMENT = '招聘者实体' ROW_FORMAT = Dynamic;

-- ----------------------------
-- Records of hr_profiles
-- ----------------------------
INSERT INTO `hr_profiles` VALUES (1, 2, '测试科技创新有限公司', 'IT互联网', '500-1000人', '李经理', '13800138001', 'hr@techco.com', '专注于云计算和大数据领域的高科技企业', '2026-03-07 22:52:22', '2026-03-08 11:42:07');
INSERT INTO `hr_profiles` VALUES (2, 3, '金融科技集团', '金融', '1000人以上', '王总监', '13800138002', 'hr@fintech.com', '提供互联网金融解决方案的领军企业', '2026-03-07 22:52:22', '2026-03-08 11:42:07');
INSERT INTO `hr_profiles` VALUES (3, 4, '在线教育科技', '教育', '100-500人', '张主管', '13800138003', 'hr@edutech.com', '领先的K12在线教育平台，致力于用科技改变教育', '2026-03-07 22:52:22', '2026-03-08 11:42:07');
INSERT INTO `hr_profiles` VALUES (4, 5, '游戏互娱公司', 'IT互联网', '500-1000人', '刘总', '13800138004', 'hr@game.com', '知名手游研发与运营商，多款爆款产品', '2026-03-07 22:52:22', '2026-03-08 11:42:07');

-- ----------------------------
-- Table structure for interview_reports
-- ----------------------------
DROP TABLE IF EXISTS `interview_reports`;
CREATE TABLE `interview_reports`  (
  `id` int(11) NOT NULL AUTO_INCREMENT COMMENT '主键',
  `interview_id` int(11) NOT NULL COMMENT '面试表主键',
  `domain_insight_score` int(11) NULL DEFAULT NULL COMMENT '专业领域洞察(0-20)',
  `team_collaboration_score` int(11) NULL DEFAULT NULL COMMENT '团队协作(0-20)',
  `technical_vision_score` int(11) NULL DEFAULT NULL COMMENT '技术视野(0-20)',
  `practical_ability_score` int(11) NULL DEFAULT NULL COMMENT '实践能力(0-20)',
  `architecture_design_score` int(11) NULL DEFAULT NULL COMMENT '架构设计(0-20)',
  `authenticity_score` int(11) NULL DEFAULT NULL COMMENT '真实性(0-20)',
  `overall_grade` varchar(5) CHARACTER SET utf8mb4 COLLATE utf8mb4_unicode_ci NULL DEFAULT NULL COMMENT '综合评级(A/B/C/D)',
  `strengths` text CHARACTER SET utf8mb4 COLLATE utf8mb4_unicode_ci NULL COMMENT '优势',
  `weaknesses` text CHARACTER SET utf8mb4 COLLATE utf8mb4_unicode_ci NULL COMMENT '待改进',
  `suggestions` text CHARACTER SET utf8mb4 COLLATE utf8mb4_unicode_ci NULL COMMENT '建议',
  `radar_data` json NULL COMMENT '雷达图数据',
  `created_at` datetime NULL DEFAULT CURRENT_TIMESTAMP COMMENT '创建时间',
  PRIMARY KEY (`id`) USING BTREE,
  UNIQUE INDEX `interview_id`(`interview_id`) USING BTREE,
  CONSTRAINT `interview_reports_ibfk_1` FOREIGN KEY (`interview_id`) REFERENCES `interviews` (`id`) ON DELETE CASCADE ON UPDATE RESTRICT
) ENGINE = InnoDB AUTO_INCREMENT = 61 CHARACTER SET = utf8mb4 COLLATE = utf8mb4_unicode_ci COMMENT = '面试报告表' ROW_FORMAT = Dynamic;

-- ----------------------------
-- Records of interview_reports
-- ----------------------------
INSERT INTO `interview_reports` VALUES (13, 16, 17, 3, 16, 15, 14, 16, 'C', '在金融风控模型的深度洞察、技术基础的掌握和系统架构设计方面表现出色。具备扎实的实践能力和良好的团队协作意识。', '团队协作与技术推动方面的表现相对较弱，可能需要更多关注团队成员间的沟通与协调策略。', '建议在未来的工作中加强对团队协作的投入，提升跨团队合作能力，特别是在技术决策过程中要充分考虑团队成员的意见。', '[17, 3.3, 16.3, 14.9, 13.6, 15.9]', '2026-03-07 23:41:45');
INSERT INTO `interview_reports` VALUES (16, 22, 17, 14, 14, 16, 16, 16, 'B', '优势1：深入理解TensorFlow和神经网络模型的应用；优势2：具备良好的团队协作能力和项目管理技能；优势3：对主流算法有深入了解并能预测未来趋势；优势4：熟悉大规模数据处理技术并能够有效解决性能瓶颈。', '问题1：在描述项目经验时缺乏具体数据和细节，项目贡献度评价不足；问题2：在架构设计思维的展示上，虽然提出了合理的架构方案，但前瞻性分析不够深入。', '建议1：在未来的项目经历描述中，可以提供更详细的数据和实际成果来支持你的工作评价；建议2：进一步探索架构设计的创新点和前沿技术，提升在架构设计思维方面的深度。', '[17.3, 13.7, 14.3, 15.7, 16.4, 15.7]', '2026-03-07 23:41:45');
INSERT INTO `interview_reports` VALUES (17, 23, 15, 12, 13, 16, 14, 14, 'C', '技术深度与前瞻视野；技术基础与实践能力；系统架构设计思维', '专业领域深度洞察；项目经历；团队协作与技术推动', '建议在专业领域深度洞察方面补充更多实际项目中的技术细节和落地案例，如JWT黑名单刷新机制、布隆过滤器实现等；在项目经历中增加具体技术挑战和解决过程的描述，增强说服力；团队协作部分可加入更多推动技术方案落地的具体策略和量化成果。', '[14.7, 12.3, 13.4, 15.6, 14.1, 13.7]', '2026-03-07 23:41:45');
INSERT INTO `interview_reports` VALUES (18, 24, 14, 12, 13, 16, 15, 14, 'B', '专业领域深度洞察；技术基础与实践能力；系统架构设计思维；项目经历', '团队协作与技术推动；技术深度与前瞻视野', '加强团队协作中的沟通机制和流程标准化设计；深入研究前沿技术趋势并结合实际业务场景进行创新性探索', '[14.4, 12, 13.4, 15.7, 14.6, 14]', '2026-03-07 23:41:45');
INSERT INTO `interview_reports` VALUES (19, 25, 15, 13, 14, 16, 14, 15, 'B', '技术基础扎实，具备良好的工程实践能力，对前端技术栈（如 Vue.js、TypeScript、Webpack）有深入理解，能结合具体场景进行技术选型和优化，体现出较强的技术深度与落地能力。', '在团队协作与技术推动方面的案例描述略显单薄，部分回答缺乏真实项目背景支撑，影响了整体说服力和实际应用价值的体现。', '加强实际项目中的团队协作案例分享，例如在推动技术选型、跨团队协作或技术推广中的具体经历与成果，以增强回答的可信度与实践参考价值。', '[15.4, 13.1, 13.9, 16.4, 14.3, 15.3]', '2026-03-07 23:41:45');
INSERT INTO `interview_reports` VALUES (20, 26, 17, 14, 15, 17, 16, 15, 'B', '对Hadoop生态系统中的YARN原理和作用理解深入，能够清晰描述其在大数据处理中的作用及团队协作经验。\n2.', '在回答中缺乏具体项目经历和架构设计思维的展示，团队协作和技术推动方面的内容较少。\n3.', '建议加强在实际项目中遇到的挑战和解决方案的描述，深化对分布式系统架构设计的理解和阐述，以及提升团队合作和技术推进的能力。', '[17.3, 13.7, 15.4, 17.1, 16.1, 15.1]', '2026-03-07 23:41:45');
INSERT INTO `interview_reports` VALUES (21, 35, 6, 6, 6, 8, 8, 6, 'D', '- 在Vue.js和React的组件化开发理解上较为深刻，能够结合实际项目经验提出提高开发效率的方法。\n- 对TypeScript的应用有实践经验，能够通过具体案例展示其在提升代码质量方面的效果。', '- 项目经历中的复杂问题描述缺乏具体的技术难题和解决过程的细节，未能充分体现技术深度和解决问题的能力。\n- 对于前端工程化在项目开发中的重要性的认识不足，未能在实际项目中展现出对Webpack配置的深入理解和应用。\n- 团队协作和技术推动方面，未提供具体的案例说明与技术团队共同解决的难题。', '- 在未来的项目经历中，应注重记录和分析遇到的复杂问题及其解决过程，提高问题的描述深度和具体性。\n- 加强对前端工程化的学习和研究，特别是在Webpack配置方面的深入理解和应用，以提升前端项目的质量和效率。\n- 积极参与团队协作，分享技术心得，通过实际案例展示与团队成员共同解决问题的能力和团队贡献。', '[6.1, 5.9, 6.3, 8.4, 7.6, 5.7]', '2026-03-07 23:41:45');
INSERT INTO `interview_reports` VALUES (22, 36, 7, 6, 7, 11, 10, 8, 'D', '在多个问题中，对技术概念有扎实的理解和描述能力，能够详细说明Kubernetes集群部署微服务时的实际问题和解决过程。', '团队协作与技术推动方面缺乏具体案例；对于新技术发展趋势的讨论不足；项目经历的真实性未能充分体现；在某些问题中，如配置存储系统架构设计，提供的信息过于简略。', '1. 在回答问题时，可以结合实际的项目经验来展示团队协作和技术推动的能力。\n2. 加强对新技术发展趋势的研究和讨论，以展示自己的前瞻视野。\n3. 在描述项目经历时，应注重真实性和详细性，以便更好地体现个人在项目中的贡献和影响。\n4. 对于系统架构设计类问题，应该提供更为具体的解决方案和逻辑，体现出深入的系统架构设计思维。', '[7.1, 5.7, 7.3, 10.6, 10, 8]', '2026-03-07 23:41:45');
INSERT INTO `interview_reports` VALUES (23, 37, 4, 4, 5, 8, 9, 4, 'D', '在Go语言处理高并发场景中展现了扎实的技术基础和实践能力，具备一定的架构设计思维和团队合作经验。', '在多个问题中的回答不够具体和深入，缺乏技术细节和实际案例分析；团队协作与技术推动、项目经历方面表现不佳。', '加强实际案例的学习和分析，提高对技术问题的深度理解。在团队协作中积极参与讨论，提升沟通能力。关注业界动态，拓宽知识面，增强解决问题的能力。', '[4.1, 4.3, 4.6, 8.4, 8.7, 4]', '2026-03-07 23:41:45');
INSERT INTO `interview_reports` VALUES (24, 38, 2, 3, 3, 5, 4, 4, 'D', '- 技术难题解决过程中的深入分析和解决方案展现了较强的技术深度和架构设计能力。', '- 专业领域深度洞察不足，对Go后端开发领域的了解不够深入。\n- 团队协作与技术推动方面的描述缺失，难以体现其在团队中的贡献和价值。\n- 对于代码质量和项目进度的保证方法缺乏具体阐述。\n- 对云原生的理解及微服务系统的高并发设计能力有待提高。', '- 加强对Go后端开发领域的技术研究，提升专业领域的深度洞察力。\n- 积极参与团队合作，增强技术推动和团队协作的能力。\n- 学习并实践代码质量保证和项目进度控制的方法，提高工作效率和质量。\n- 深入理解云原生技术，掌握微服务系统的高并发设计原理，提高系统架构设计能力。', '[2.4, 3.2, 2.8, 5.4, 4.2, 4.2]', '2026-03-07 23:41:45');
INSERT INTO `interview_reports` VALUES (25, 41, 7, 4, 7, 9, 8, 4, 'D', '- 对TypeScript的类型定义理解深入，能够详细描述嵌套类型、接口和联合类型的声明；\n- 对Webpack的工作原理有深刻理解，能准确描述模块化、代码转换等关键点。', '- 在Vue.js组件化开发的应用上缺乏具体经验，无法提供实际的案例和分析；\n- 遇到性能瓶颈时虽然提及使用AI优化，但未详细说明分析过程和优化方法；\n- 对React和Vue.js的差异及各自优势的分析不足，未能给出特定场景下的框架选择建议；\n- 在项目经历和技术实践经验上的描述较少，难以全面评估候选人的实际应用能力。', '- 加强对前端架构和组件化开发的深入了解，结合实际案例提升专业领域深度洞察；\n- 深入研究性能优化技术，特别是在AI辅助优化方面的具体方法，以提高解决实际问题的能力；\n- 完善对不同前端框架的对比分析，根据不同项目需求给出合理的框架选择建议；\n- 积极参与项目实践，积累更多实际应用经验，以提升项目经历的真实性和技术基础。', '[7.4, 4.4, 6.7, 8.7, 8.1, 4.1]', '2026-03-07 23:41:45');
INSERT INTO `interview_reports` VALUES (26, 42, 18, 14, 16, 17, 17, 16, 'A', '- 专业领域深度洞察：能够深入理解Go语言性能瓶颈，并有效解决。\n- 团队协作与技术推动：组织技术研讨会，推动构建最小可行原型，达成共识并推进项目落地。\n- 技术基础与实践能力：对云原生架构有深刻理解，结合实践应用Kubernetes和Docker提升系统可用性和迭代速度。\n- 系统架构设计思维：在系统架构设计时考虑全面，如业务需求、可扩展性、高可用性等。', '- 项目经历评价中缺乏具体个人贡献的案例描述。\n- 技术深度与前瞻视野方面，对gRPC的工作原理和微服务架构适应性分析深入，但在团队协作和技术推动方面的描写较少。', '- 在项目经历描述中，可以增加更多具体个人贡献的案例，以展示在技术难题中的实际解决能力和领导作用。\n- 加强在团队协作和技术推动方面的描述，如组织团队活动、促进知识分享、解决跨部门沟通障碍等，体现综合能力。', '[18, 14.1, 16.1, 16.6, 16.6, 15.9]', '2026-03-07 23:41:45');
INSERT INTO `interview_reports` VALUES (27, 44, 6, 5, 6, 10, 9, 2, 'D', '- 对Python多线程和异步IO有较为深入的理解；\n- 对分布式缓存策略有一定的架构设计意识；\n- 对数据库系统的高可用性和可扩展性有所认识。', '- 缺乏实际项目经验，影响对团队协作和技术推动能力的评估；\n- 技术细节和案例描述不足，难以评价技术深度与实践能力；\n- 系统架构设计思路不够具体，缺乏前瞻视野；\n- 在回答问题时存在内容不完整的情况。', '- 积极参与实际项目，增强团队协作和技术推动经验；\n- 深入研究具体的技术细节和应用案例，提升技术基础和实践能力；\n- 结合具体项目，细化系统架构设计方案，提高前瞻性；\n- 提供完整的答案，避免遗漏关键信息。', '[5.8, 4.8, 6, 9.6, 9.2, 1.6]', '2026-03-07 23:41:45');

-- ----------------------------
-- Table structure for interviews
-- ----------------------------
DROP TABLE IF EXISTS `interviews`;
CREATE TABLE `interviews`  (
  `id` int(11) NOT NULL AUTO_INCREMENT COMMENT '主键',
  `candidate_id` int(11) NOT NULL COMMENT '求职者表主键',
  `job_id` int(11) NULL DEFAULT NULL COMMENT '岗位表主键',
  `application_id` int(11) NULL DEFAULT NULL COMMENT '申请记录表主键',
  `interview_type` varchar(50) CHARACTER SET utf8mb4 COLLATE utf8mb4_unicode_ci NULL DEFAULT NULL COMMENT '面试类型',
  `conversation` json NULL COMMENT '对话记录',
  `status` varchar(20) CHARACTER SET utf8mb4 COLLATE utf8mb4_unicode_ci NULL DEFAULT 'in_progress' COMMENT '状态',
  `started_at` datetime NULL DEFAULT CURRENT_TIMESTAMP COMMENT '创建时间',
  `completed_at` datetime NULL DEFAULT NULL COMMENT '完成时间',
  PRIMARY KEY (`id`) USING BTREE,
  INDEX `candidate_id`(`candidate_id`) USING BTREE,
  INDEX `job_id`(`job_id`) USING BTREE,
  INDEX `application_id`(`application_id`) USING BTREE,
  INDEX `idx_status`(`status`) USING BTREE,
  CONSTRAINT `interviews_ibfk_1` FOREIGN KEY (`candidate_id`) REFERENCES `candidates` (`id`) ON DELETE CASCADE ON UPDATE RESTRICT,
  CONSTRAINT `interviews_ibfk_2` FOREIGN KEY (`job_id`) REFERENCES `jobs` (`id`) ON DELETE SET NULL ON UPDATE RESTRICT,
  CONSTRAINT `interviews_ibfk_3` FOREIGN KEY (`application_id`) REFERENCES `applications` (`id`) ON DELETE SET NULL ON UPDATE RESTRICT
) ENGINE = InnoDB AUTO_INCREMENT = 123 CHARACTER SET = utf8mb4 COLLATE = utf8mb4_unicode_ci COMMENT = 'ai面试表' ROW_FORMAT = Dynamic;

-- ----------------------------
-- Records of interviews
-- ----------------------------
INSERT INTO `interviews` VALUES (16, 1, 7, NULL, '中级', '[{\"role\": \"system\", \"questions\": [\"专业洞察：你如何理解金融风控模型在识别欺诈行为中的重要性？请结合实际案例谈谈你的见解。\", \"团队协作：如果团队中有一个成员对于采用某种新算法持反对意见，你将如何协调团队成员达成共识？\", \"技术视野：在开发风控模型时，你认为有哪些技术趋势值得关注和融入其中？\", \"实践能力：描述一个使用TensorFlow构建机器学习模型的典型流程，包括数据预处理、模型训练、评估及优化。\", \"架构思维：设计一个能够处理高并发请求的风控系统架构图，并简要说明你的设计理念。\", \"项目经历：请简述你在上一个项目中如何利用Spark进行大数据处理，以及你在其中遇到的技术挑战和解决方案。\", \"请分享一个你解决风控算法工程师相关技术难题的案例。\"], \"ai_questions_count\": 7, \"current_question_index\": 6, \"custom_questions_count\": 0}, {\"role\": \"interviewer\", \"content\": \"专业洞察：你如何理解金融风控模型在识别欺诈行为中的重要性？请结合实际案例谈谈你的见解。\"}, {\"role\": \"candidate\", \"content\": \"金融风控模型通过分析用户行为、交易模式等特征，实时识别异常以拦截欺诈。例如，在某支付平台项目中，我们构建基于XGBoost的实时评分模型，结合设备指纹与IP画像，成功将盗刷率降低40%。模型不仅提升安全性，也平衡了用户体验与风险控制。\", \"question_index\": 0}, {\"role\": \"interviewer\", \"content\": \"团队协作：如果团队中有一个成员对于采用某种新算法持反对意见，你将如何协调团队成员达成共识？\"}, {\"role\": \"candidate\", \"content\": \"我会首先倾听该成员的反对理由，理解其技术或业务顾虑；然后组织小型技术评审会，邀请各方展示数据、实验结果或案例对比；通过客观指标（如准确率、性能、可维护性）评估新旧方案优劣；最后在尊重专业判断的基础上，推动团队基于共识做出决策，必要时可先小范围试点验证效果。\", \"question_index\": 1}, {\"role\": \"interviewer\", \"content\": \"技术视野：在开发风控模型时，你认为有哪些技术趋势值得关注和融入其中？\"}, {\"role\": \"candidate\", \"content\": \"在风控模型开发中，值得关注的技术趋势包括：1）图神经网络（GNN），用于挖掘用户-设备-交易间的复杂关联，提升团伙欺诈识别能力；2）实时流式计算（如Flink + Kafka），实现毫秒级风险决策；3）可解释AI（XAI），增强模型透明度以满足合规要求；4）联邦学习，在保护隐私前提下跨机构联合建模；5）大模型与Prompt工程，辅助特征生成或异常语义理解。融合这些技术可显著提升风控的精准性、实时性与合规性。\", \"question_index\": 2}, {\"role\": \"interviewer\", \"content\": \"实践能力：描述一个使用TensorFlow构建机器学习模型的典型流程，包括数据预处理、模型训练、评估及优化。\"}, {\"role\": \"candidate\", \"content\": \"典型流程：1）数据预处理：使用tf.data加载并清洗数据，进行归一化、编码分类变量、划分训练/验证集；2）模型构建：通过Keras API定义网络结构（如Dense层、Dropout）；3）模型训练：调用model.fit()，设置优化器、损失函数和回调（如EarlyStopping）；4）评估：用model.evaluate()或预测指标（如AUC、F1）分析性能；5）优化：调整超参、增加正则化或使用TensorBoard调优，最终导出SavedModel部署。\", \"question_index\": 3}, {\"role\": \"interviewer\", \"content\": \"架构思维：设计一个能够处理高并发请求的风控系统架构图，并简要说明你的设计理念。\"}, {\"role\": \"candidate\", \"content\": \"架构图包括：1) 客户端请求通过负载均衡器（如Nginx）分发；2) 应用层使用微服务（Spring Boot/FastAPI）处理业务逻辑，集成限流、熔断机制；3) 风控引擎基于规则和模型（TensorFlow/Sklearn），利用Redis缓存热点数据；4) 数据层采用分布式数据库（如Cassandra）确保高可用。设计理念是确保系统在高并发下稳定、快速响应并具备弹性扩展能力。\", \"question_index\": 4}, {\"role\": \"interviewer\", \"content\": \"项目经历：请简述你在上一个项目中如何利用Spark进行大数据处理，以及你在其中遇到的技术挑战和解决方案。\"}, {\"role\": \"candidate\", \"content\": \"在上个项目中，我使用Spark处理用户行为日志以生成个性化推荐。首先通过Spark Streaming实时摄取Kafka中的数据，然后利用DataFrame API进行ETL操作，包括清洗、聚合等。遇到的主要挑战是数据倾斜导致的部分任务执行缓慢。解决方案是采用Salting技术重新分区，并优化Shuffle过程。此外，我还调整了Spark的资源配置，如增加executor内存和调整并行度，以提升整体性能。\", \"question_index\": 5}, {\"role\": \"interviewer\", \"content\": \"请分享一个你解决风控算法工程师相关技术难题的案例。\"}, {\"role\": \"candidate\", \"content\": \"在一次反欺诈模型迭代中，发现模型对新型“薅羊毛”团伙识别率低。经分析，传统特征难以捕捉跨账户协同行为。我引入图神经网络（GNN），基于用户-设备-IP关系构建异构图，并用PyTorch Geometric训练节点嵌入。同时结合实时规则引擎做兜底。上线后团伙识别准确率提升35%，误杀率下降12%。\", \"question_index\": 6}]', '已完成', '2025-12-17 12:13:06', '2025-12-17 12:15:11');
INSERT INTO `interviews` VALUES (21, 1, 2, 20, '中级', '[{\"role\": \"system\", \"questions\": [\"问题1：请详细解释Vue.js中的响应式原理和虚拟DOM的工作机制。\", \"问题2：如何在一个大型React项目中优化组件的加载性能？\", \"问题3：在团队协作中，你遇到过哪些挑战？你是如何解决这些问题的？\", \"问题4：描述一个你曾使用TypeScript进行项目开发的经验，包括你如何利用它来提高代码质量和维护性。\", \"问题5：请解释Webpack的热更新（HMR）的工作原理以及在实际项目中如何配置和使用。\", \"问题6：阐述你对于构建高性能前端应用时，架构设计上需要考虑的关键因素。\", \"问题7：描述一个你在项目开发中遇到的性能瓶颈问题，你是如何分析和解决它的？\", \"请分享一个你最满意的前端项目\", \"你如何优化前端性能？\"], \"ai_questions_count\": 7, \"current_question_index\": 8, \"custom_questions_count\": 2}, {\"role\": \"interviewer\", \"content\": \"问题1：请详细解释Vue.js中的响应式原理和虚拟DOM的工作机制。\"}, {\"role\": \"candidate\", \"content\": \"请详细解释Vue.js中的响应式原理和虚拟DOM的工作机制。\", \"question_index\": 0}, {\"role\": \"interviewer\", \"content\": \"问题2：如何在一个大型React项目中优化组件的加载性能？\"}, {\"role\": \"candidate\", \"content\": \"在大型React项目中，我通过以下方式优化组件加载性能：1）使用React.lazy()和Suspense实现按需代码分割；2）结合路由级懒加载（如react-router）减少首屏包体积；3）对高频组件启用React.memo避免无效重渲染；4）利用Webpack分包策略（splitChunks）提取公共依赖；5）采用虚拟滚动处理长列表。最终首屏加载时间降低40%以上，用户体验显著提升。\", \"question_index\": 1}, {\"role\": \"interviewer\", \"content\": \"问题3：在团队协作中，你遇到过哪些挑战？你是如何解决这些问题的？\"}, {\"role\": \"candidate\", \"content\": \"在跨职能团队协作中，曾遇到前后端接口定义不一致、进度不同步的问题。我推动建立接口契约（如OpenAPI规范），组织定期对齐会议，并引入Mock Server让前端并行开发。同时使用敏捷看板透明化任务状态，促进沟通。最终减少返工50%，提升整体交付效率。\", \"question_index\": 2}, {\"role\": \"interviewer\", \"content\": \"问题4：描述一个你曾使用TypeScript进行项目开发的经验，包括你如何利用它来提高代码质量和维护性。\"}, {\"role\": \"candidate\", \"content\": \"在开发一个中后台管理系统时，我全程使用 TypeScript。通过定义清晰的接口（interface）和类型别名（type）规范 API 请求/响应结构，利用泛型封装通用 Hook 和工具函数，并开启 strict 模式捕获潜在错误。这显著减少了运行时异常，提升代码可读性与重构安全性，团队协作效率提高，维护成本明显降低。\", \"question_index\": 3}, {\"role\": \"interviewer\", \"content\": \"问题5：请解释Webpack的热更新（HMR）的工作原理以及在实际项目中如何配置和使用。\"}, {\"role\": \"candidate\", \"content\": \"Webpack 热更新（HMR）通过在运行时替换模块代码而不刷新页面实现。其原理是：Dev Server 监听文件变化，将更新的模块通过 WebSocket 推送给浏览器，客户端接收后调用模块的 accept 回调进行局部替换。实际项目中，需在 webpack.config.js 中启用 hot: true，配合 HotModuleReplacementPlugin；React 项目可结合 react-refresh，Vue 项目则开箱即用。确保模块支持 HMR 逻辑以避免状态丢失。\", \"question_index\": 4}, {\"role\": \"interviewer\", \"content\": \"问题6：阐述你对于构建高性能前端应用时，架构设计上需要考虑的关键因素。\"}, {\"role\": \"candidate\", \"content\": \"构建高性能前端应用需考虑：1）模块化与代码分割，按需加载减少首屏体积；2）状态管理优化，避免冗余渲染（如使用 React.memo、useMemo）；3）缓存策略（HTTP 缓存、本地存储）；4）虚拟滚动/懒加载处理大数据列表；5）构建优化（Tree Shaking、压缩、CDN）；6）性能监控（Lighthouse、Sentry）。架构上应兼顾可维护性、可扩展性与用户体验。\", \"question_index\": 5}, {\"role\": \"interviewer\", \"content\": \"问题7：描述一个你在项目开发中遇到的性能瓶颈问题，你是如何分析和解决它的？\"}, {\"role\": \"candidate\", \"content\": \"在一次Web应用开发中，列表页加载缓慢（>5秒）。通过Chrome DevTools和后端日志分析，发现是前端一次性渲染上万条数据且后端未分页。解决方案：1）后端增加分页接口；2）前端采用虚拟滚动仅渲染可视区域；3）对接口响应加Redis缓存。优化后首屏加载降至800ms内，用户体验显著提升。\", \"question_index\": 6}, {\"role\": \"interviewer\", \"content\": \"请分享一个你最满意的前端项目\"}, {\"role\": \"candidate\", \"content\": \"1\", \"question_index\": 7}, {\"role\": \"interviewer\", \"content\": \"你如何优化前端性能？\"}, {\"role\": \"candidate\", \"content\": \"1\", \"question_index\": 8}]', '已完成', '2025-12-17 12:57:04', '2025-12-17 13:03:38');
INSERT INTO `interviews` VALUES (22, 1, 7, NULL, '中级', '[{\"role\": \"system\", \"questions\": [\"问题1：请详细说明你如何使用TensorFlow实现一个神经网络模型来预测贷款违约风险，并阐述你选择该模型的原因和优势。\", \"问题2：在团队协作中，你遇到过哪些挑战？你是如何与团队成员沟通以推动项目进展的？\", \"问题3：请分享你对当前金融风控领域主流算法的理解，以及你认为未来可能出现的趋势是什么？\", \"问题4：描述一下你使用Spark进行大规模数据处理的一个具体案例，包括你的技术选择和解决的具体问题。\", \"问题5：在架构设计方面，如果你需要处理一个高并发的风控系统，你会如何设计系统的架构以应对性能瓶颈？\", \"问题6：请简述你在之前项目中负责的风控模型研发或优化工作，以及你是如何通过这些工作降低欺诈风险的。\", \"问题7：结合你的项目经验，谈谈你对SQL在数据查询和分析中的重要作用，以及如何使用它来支持风控模型的训练和评估。\"], \"ai_questions_count\": 7, \"current_question_index\": 6, \"custom_questions_count\": 0}, {\"role\": \"interviewer\", \"content\": \"问题1：请详细说明你如何使用TensorFlow实现一个神经网络模型来预测贷款违约风险，并阐述你选择该模型的原因和优势。\"}, {\"role\": \"candidate\", \"content\": \"我使用TensorFlow构建了一个多层感知机（MLP）模型：输入层包含用户信用分、收入、负债比等特征，经标准化后送入2个隐藏层（带Dropout防过拟合），输出层用Sigmoid预测违约概率。选择MLP因其能捕捉非线性关系、训练稳定，且易于解释与部署。相比传统逻辑回归，其AUC提升8%，在保持可维护性的同时显著增强风险识别能力。\", \"question_index\": 0}, {\"role\": \"interviewer\", \"content\": \"问题2：在团队协作中，你遇到过哪些挑战？你是如何与团队成员沟通以推动项目进展的？\"}, {\"role\": \"candidate\", \"content\": \"曾遇需求频繁变更与开发节奏不一致的挑战。我主动组织每日站会同步进展，推动产品提供清晰优先级，并用Confluence文档固化共识；针对技术分歧，引导团队基于数据和原型验证方案。通过建立透明沟通机制和共担目标，有效减少误解，保障项目按时交付。\", \"question_index\": 1}, {\"role\": \"interviewer\", \"content\": \"问题3：请分享你对当前金融风控领域主流算法的理解，以及你认为未来可能出现的趋势是什么？\"}, {\"role\": \"candidate\", \"content\": \"当前金融风控主流算法包括逻辑回归（可解释性强）、XGBoost/LightGBM（处理结构化数据效果优）、图神经网络（识别团伙欺诈）及深度学习模型（如DNN用于复杂特征融合）。未来趋势将聚焦：1）因果推断提升决策可解释性；2）联邦学习实现隐私保护下的跨机构建模；3）实时流式AI支持毫秒级响应；4）大模型辅助特征工程与异常语义理解，推动风控向更智能、合规、高效演进。\", \"question_index\": 2}, {\"role\": \"interviewer\", \"content\": \"问题4：描述一下你使用Spark进行大规模数据处理的一个具体案例，包括你的技术选择和解决的具体问题。\"}, {\"role\": \"candidate\", \"content\": \"在用户行为分析项目中，我使用Spark处理每日TB级点击流日志。选用Spark SQL进行ETL清洗，Structured Streaming实时聚合会话数据，并用MLlib训练用户流失预测模型。针对Shuffle导致的性能瓶颈，通过调整分区策略、启用Kryo序列化和广播小表优化资源开销。最终实现小时级产出高质量特征，支撑精准营销，提升召回率15%。\", \"question_index\": 3}, {\"role\": \"interviewer\", \"content\": \"问题5：在架构设计方面，如果你需要处理一个高并发的风控系统，你会如何设计系统的架构以应对性能瓶颈？\"}, {\"role\": \"candidate\", \"content\": \"我会采用分层异步架构：1）接入层用Nginx+API网关做限流鉴权；2）应用层微服务化，无状态部署于K8s，支持水平扩展；3）核心风控引擎分离规则引擎与模型服务，引入Redis缓存用户画像和决策结果；4）写操作通过Kafka削峰，异步落库；5）数据层读写分离，热点数据分库分表。结合熔断、降级与全链路监控，保障高并发下低延迟与高可用。\", \"question_index\": 4}, {\"role\": \"interviewer\", \"content\": \"问题6：请简述你在之前项目中负责的风控模型研发或优化工作，以及你是如何通过这些工作降低欺诈风险的。\"}, {\"role\": \"candidate\", \"content\": \"在支付风控项目中，我负责优化实时交易评分模型。通过引入设备指纹、行为序列和图特征，将原有逻辑回归升级为LightGBM，并结合规则引擎做多层拦截。同时建立负样本回流机制，持续迭代模型。上线后欺诈识别率提升30%，误拒率下降18%，有效降低资损并保障用户体验。\", \"question_index\": 5}, {\"role\": \"interviewer\", \"content\": \"问题7：结合你的项目经验，谈谈你对SQL在数据查询和分析中的重要作用，以及如何使用它来支持风控模型的训练和评估。\"}, {\"role\": \"candidate\", \"content\": \"在风控项目中，SQL是特征工程的核心工具。我通过SQL从多张业务表（如交易、用户、设备）高效提取时序行为、聚合统计（如近7天失败次数）和关联特征，并构建正负样本标签用于模型训练。同时，利用窗口函数和分组分析评估模型效果（如按风险分层计算坏账率）。其声明式语法简洁高效，能直接对接大数据平台（如Hive、Spark SQL），支撑端到端风控建模流程。\", \"question_index\": 6}]', '已完成', '2025-12-17 13:44:00', '2025-12-17 13:45:52');
INSERT INTO `interviews` VALUES (23, 1, 3, 5, '中级', '[{\"role\": \"system\", \"questions\": [\"在使用FastAPI构建RESTful接口时，如何设计一个高并发且安全的API认证系统？请结合JWT和Redis实现方案进行说明。\", \"你在团队中如何推动技术方案的落地？请举例说明你在技术选型或架构优化中如何与团队达成共识并推动执行。\", \"如何利用Vue.js的响应式系统和组合式API优化大型单页应用的性能？请结合实际项目中的具体优化手段。\", \"在一个高并发的电商系统中，如何利用Redis实现秒杀功能？请说明缓存穿透、击穿、雪崩的解决方案及实际落地方式。\", \"如果让你设计一个支持百万级用户访问的博客系统，你会如何拆分服务？请从数据库分库分表、缓存策略、异步处理等方面展开。\", \"请描述你主导或深度参与的一个全栈项目，包括技术选型、遇到的挑战、你的解决方案以及最终的成果。\", \"在微服务架构中，如何利用Python和JavaScript实现跨服务的数据同步？请结合消息队列和事件驱动架构进行说明。\"], \"ai_questions_count\": 7, \"current_question_index\": 6, \"custom_questions_count\": 0}, {\"role\": \"interviewer\", \"content\": \"在使用FastAPI构建RESTful接口时，如何设计一个高并发且安全的API认证系统？请结合JWT和Redis实现方案进行说明。\"}, {\"role\": \"candidate\", \"content\": \"在FastAPI中，我基于JWT实现无状态认证：用户登录后签发带过期时间的Access Token和Refresh Token；Access Token用于请求鉴权，通过依赖项校验签名与有效期。为支持实时注销和防重放，将Token加入Redis黑名单（或存储有效Refresh Token），并设置与过期时间一致的TTL。结合HTTPS、CORS策略及限流中间件，保障高并发下的安全性与性能。\", \"question_index\": 0}, {\"role\": \"interviewer\", \"content\": \"你在团队中如何推动技术方案的落地？请举例说明你在技术选型或架构优化中如何与团队达成共识并推动执行。\"}, {\"role\": \"candidate\", \"content\": \"在微服务拆分项目中，我先梳理单体系统痛点（部署慢、耦合高），对比多种方案后提出基于领域驱动设计的拆分策略。通过组织技术评审会，用原型验证关键路径，并量化预期收益（如部署效率提升50%）。同时倾听成员顾虑，制定渐进式迁移计划与回滚预案。最终团队达成共识，分阶段落地，成功提升系统可维护性与交付速度。\", \"question_index\": 1}, {\"role\": \"interviewer\", \"content\": \"如何利用Vue.js的响应式系统和组合式API优化大型单页应用的性能？请结合实际项目中的具体优化手段。\"}, {\"role\": \"candidate\", \"content\": \"在大型Vue 3单页应用中，我利用组合式API（Composition API）将逻辑按功能拆分为可复用的composable函数，提升代码组织性；通过ref/reactive精准控制响应式粒度，避免不必要的依赖收集。结合computed缓存派生状态、watch精细监听，减少冗余计算。对重型组件采用v-memo或keep-alive缓存，配合路由级懒加载与代码分割，显著降低内存占用与重渲染开销，首屏性能提升约35%。\", \"question_index\": 2}, {\"role\": \"interviewer\", \"content\": \"在一个高并发的电商系统中，如何利用Redis实现秒杀功能？请说明缓存穿透、击穿、雪崩的解决方案及实际落地方式。\"}, {\"role\": \"candidate\", \"content\": \"在高并发电商秒杀中，我用Redis预减库存（DECR+EXISTS原子操作），结合Lua脚本确保扣减一致性，并将用户请求限流、排队。针对缓存穿透，对空结果设短TTL空值或布隆过滤器拦截无效ID；击穿采用互斥锁（SETNX）重建热点key；雪崩则设置随机过期时间+永不过期后台刷新。实际落地通过Nginx前置限流+消息队列削峰，保障系统稳定。\", \"question_index\": 3}, {\"role\": \"interviewer\", \"content\": \"如果让你设计一个支持百万级用户访问的博客系统，你会如何拆分服务？请从数据库分库分表、缓存策略、异步处理等方面展开。\"}, {\"role\": \"candidate\", \"content\": \"我会将博客系统拆分为用户、文章、评论、搜索等微服务。数据库按用户ID或文章ID分库分表（如ShardingSphere）；热点文章用Redis缓存（带随机过期防雪崩），静态资源交由CDN；写操作（如发帖、点赞）通过Kafka异步处理，解耦并削峰；搜索服务独立部署Elasticsearch。结合API网关限流、多级缓存与读写分离，支撑百万级并发访问。\", \"question_index\": 4}, {\"role\": \"interviewer\", \"content\": \"请描述你主导或深度参与的一个全栈项目，包括技术选型、遇到的挑战、你的解决方案以及最终的成果。\"}, {\"role\": \"candidate\", \"content\": \"我深度参与了一个智能风控中台项目，主导后端与数据模块。技术栈采用FastAPI（Python）+ Vue 3 + PostgreSQL + Redis + Kafka + Spark。核心挑战是实时识别欺诈交易并保障低延迟。我设计了“规则引擎 + LightGBM模型”双通道架构，通过Kafka异步处理日志，Spark离线生成特征，Redis缓存用户画像；前端用WebSocket推送风险告警。最终系统支持每秒5000+请求，欺诈识别准确率提升32%，误杀率下降18%，成功落地于支付和信贷场景。\", \"question_index\": 5}, {\"role\": \"interviewer\", \"content\": \"在微服务架构中，如何利用Python和JavaScript实现跨服务的数据同步？请结合消息队列和事件驱动架构进行说明。\"}, {\"role\": \"candidate\", \"content\": \"在微服务架构中，我通过事件驱动架构结合消息队列（如RabbitMQ或Kafka）实现Python与JavaScript服务间的数据同步。当Python服务（如用户服务）完成数据变更，发布“用户更新”事件到消息队列；JavaScript服务（如通知服务）订阅该事件，消费后异步更新本地数据或触发业务逻辑。为保障可靠性，采用消息持久化、ACK机制和幂等处理，避免丢失或重复。此方案解耦服务、提升扩展性，并支持最终一致性。\", \"question_index\": 6}]', '已完成', '2025-12-17 13:50:24', '2025-12-17 13:52:08');
INSERT INTO `interviews` VALUES (24, 1, 1, 1, '高级', '[{\"role\": \"system\", \"questions\": [\"在高并发场景下，如何设计一个基于FastAPI的微服务架构，确保系统的可扩展性与稳定性，并结合Docker和Kubernetes实现自动化部署与弹性伸缩？\", \"如果你发现一个Django项目中存在大量重复的业务逻辑，如何通过设计统一的服务层或中间件来实现代码复用与解耦？\", \"在使用Redis进行缓存优化时，如何设计缓存穿透、击穿和雪崩的解决方案，并结合业务场景选择合适的缓存策略？\", \"如何通过Python的异步特性（如async/await）优化一个高吞吐量的后端服务，并结合消息队列（如RabbitMQ或Kafka）实现任务解耦？\", \"在设计一个分布式系统时，如何通过一致性哈希算法和数据分片策略优化数据库（MySQL）的读写性能，并保障数据一致性？\", \"请描述你在实际项目中如何通过技术选型、架构设计和团队协作推动一个复杂系统的重构，并量化重构后的性能提升和维护成本降低效果。\", \"你如何评估一个Python后端项目的技术债务，并提出具体的优化方案，包括代码重构、自动化测试覆盖率提升和架构升级策略？\", \"请描述你在项目中遇到的最大技术挑战及解决方案\", \"你对微服务架构有什么理解？\"], \"ai_questions_count\": 7, \"current_question_index\": 8, \"custom_questions_count\": 2}, {\"role\": \"interviewer\", \"content\": \"在高并发场景下，如何设计一个基于FastAPI的微服务架构，确保系统的可扩展性与稳定性，并结合Docker和Kubernetes实现自动化部署与弹性伸缩？\"}, {\"role\": \"candidate\", \"content\": \"设计基于FastAPI的高并发微服务：1）服务无状态化，接口幂等，集成JWT认证与限流；2）用Redis缓存热点数据，Kafka解耦异步任务；3）容器化（Docker）打包，通过Kubernetes部署，配置HPA基于CPU/请求量自动扩缩容；4）结合Ingress实现负载均衡，Prometheus+Grafana监控指标，Liveness/Readiness探针保障健康。CI/CD流水线实现自动化构建与滚动更新，确保系统高可用、弹性伸缩与快速迭代。\", \"question_index\": 0}, {\"role\": \"interviewer\", \"content\": \"如果你发现一个Django项目中存在大量重复的业务逻辑，如何通过设计统一的服务层或中间件来实现代码复用与解耦？\"}, {\"role\": \"candidate\", \"content\": \"我会引入服务层（Service Layer），将重复业务逻辑（如用户创建、订单校验）封装为独立的Python函数或类，置于services/模块中，由视图或API调用；同时利用Django中间件处理跨切面逻辑（如日志、权限）。通过依赖注入和清晰分层，实现逻辑复用、降低耦合，并提升测试性与可维护性。\", \"question_index\": 1}, {\"role\": \"interviewer\", \"content\": \"在使用Redis进行缓存优化时，如何设计缓存穿透、击穿和雪崩的解决方案，并结合业务场景选择合适的缓存策略？\"}, {\"role\": \"candidate\", \"content\": \"针对缓存穿透，对无效查询返回空值并设置短TTL，或用布隆过滤器拦截非法ID；缓存击穿采用互斥锁（如Redis的SETNX）确保单线程重建热点key；缓存雪崩则为缓存设置随机过期时间（如基础TTL±随机值）或永不过期+后台异步刷新。结合业务：高频读、低变数据用长TTL+预热；强一致性场景采用Cache-Aside模式，写时删除缓存，读时回源重建。\", \"question_index\": 2}, {\"role\": \"interviewer\", \"content\": \"如何通过Python的异步特性（如async/await）优化一个高吞吐量的后端服务，并结合消息队列（如RabbitMQ或Kafka）实现任务解耦？\"}, {\"role\": \"candidate\", \"content\": \"在高吞吐后端服务中，我使用FastAPI + async/await处理I/O密集型请求（如数据库、HTTP调用），提升并发能力；对于耗时任务（如风控计算、通知发送），通过异步生产者将消息推入Kafka或RabbitMQ，由独立消费者异步处理。借助aiokafka或aio-pika实现非阻塞消息通信，避免主线程阻塞，显著提升系统吞吐量与响应速度，同时实现业务解耦与削峰填谷。\", \"question_index\": 3}, {\"role\": \"interviewer\", \"content\": \"在设计一个分布式系统时，如何通过一致性哈希算法和数据分片策略优化数据库（MySQL）的读写性能，并保障数据一致性？\"}, {\"role\": \"candidate\", \"content\": \"在分布式系统中，我采用一致性哈希算法将数据按分片键（如用户ID）映射到固定MySQL节点，减少扩容时的数据迁移量；结合读写分离与主从复制提升读性能。为保障一致性：1）同一分片内事务保证ACID；2）跨分片操作通过分布式事务（如Seata）或最终一致性（事件驱动+幂等补偿）实现；3）引入全局ID生成器避免主键冲突。同时监控分片负载，动态调整以均衡性能。\", \"question_index\": 4}, {\"role\": \"interviewer\", \"content\": \"请描述你在实际项目中如何通过技术选型、架构设计和团队协作推动一个复杂系统的重构，并量化重构后的性能提升和维护成本降低效果。\"}, {\"role\": \"candidate\", \"content\": \"在重构一个单体电商系统时，我主导技术选型：采用微服务（FastAPI + Vue）、Kubernetes部署、Redis缓存及Kafka解耦。通过领域驱动设计拆分订单、商品、用户等服务，制定渐进式迁移路径，并组织团队共建接口规范与CI/CD流程。重构后，系统吞吐量提升3倍（QPS从800→2500），平均响应时间从1.1s降至280ms，部署频率提高5倍，月均故障率下降70%，显著降低维护成本与业务风险。\", \"question_index\": 5}, {\"role\": \"interviewer\", \"content\": \"你如何评估一个Python后端项目的技术债务，并提出具体的优化方案，包括代码重构、自动化测试覆盖率提升和架构升级策略？\"}, {\"role\": \"candidate\", \"content\": \"我通过代码扫描（如SonarQube）、圈复杂度分析、重复率检测及团队反馈评估技术债务。优化方案包括：1）重构：拆分大函数、引入服务层、统一异常处理；2）测试：用pytest补充单元/集成测试，目标覆盖率≥80%，结合CI强制门禁；3）架构升级：将单体逐步拆为微服务，引入异步任务队列和缓存，提升可维护性与扩展性。定期迭代偿还债务，避免累积风险。\", \"question_index\": 6}, {\"role\": \"interviewer\", \"content\": \"请描述你在项目中遇到的最大技术挑战及解决方案\"}, {\"role\": \"candidate\", \"content\": \"1\", \"question_index\": 7}, {\"role\": \"interviewer\", \"content\": \"你对微服务架构有什么理解？\"}, {\"role\": \"candidate\", \"content\": \"1\", \"question_index\": 8}]', '已完成', '2025-12-18 04:45:06', '2025-12-18 04:47:47');
INSERT INTO `interviews` VALUES (25, 1, 2, 20, '中级', '[{\"role\": \"system\", \"questions\": [\"在使用Vue.js开发大型应用时，如何有效管理组件间的通信和状态共享？请结合Vuex和Pinia进行对比分析。\", \"请描述你在团队中如何推动技术选型（如从React迁移到Vue 3或引入TypeScript），并举例说明你如何平衡技术先进性与团队适应成本。\", \"在TypeScript项目中，如何设计一个可复用的泛型组件，并确保其在不同业务场景下的类型安全？\", \"请结合Webpack配置，说明如何优化前端构建性能，包括代码分割、懒加载和第三方库的处理策略。\", \"在设计一个高并发的Web应用时，如何通过前端技术（如状态管理、异步请求）与后端协作，保障数据一致性与用户体验？\", \"请分享一个你主导或深度参与的项目，说明你在其中承担的角色、使用的技术栈以及最终的技术成果和优化点。\", \"如何设计一个可扩展的前端架构，支持未来功能的快速迭代？请结合模块化、组件复用和路由管理进行说明。\", \"请分享一个你最满意的前端项目\", \"你如何优化前端性能？\"], \"ai_questions_count\": 7, \"current_question_index\": 8, \"custom_questions_count\": 2}, {\"role\": \"interviewer\", \"content\": \"在使用Vue.js开发大型应用时，如何有效管理组件间的通信和状态共享？请结合Vuex和Pinia进行对比分析。\"}, {\"role\": \"candidate\", \"content\": \"在大型Vue应用中，Vuex提供集中式状态管理，适合复杂场景但API较冗余；Pinia（Vue官方推荐）基于Composition API，语法简洁、支持TypeScript更友好，无mutations，直接修改state且天然支持模块化。我优先选用Pinia，因其开发体验更优、bundle更小、逻辑组织更清晰，同时两者均能有效解决组件间通信与状态共享问题。\", \"question_index\": 0}, {\"role\": \"interviewer\", \"content\": \"请描述你在团队中如何推动技术选型（如从React迁移到Vue 3或引入TypeScript），并举例说明你如何平衡技术先进性与团队适应成本。\"}, {\"role\": \"candidate\", \"content\": \"在推动技术选型时，我首先明确业务痛点（如维护成本高、类型安全缺失），然后组织小范围技术验证：例如在新模块中试点Vue 3 + TypeScript，对比开发效率、错误率和构建性能。通过数据展示优势（如TypeScript减少30%运行时错误），同时制定渐进式迁移策略、提供培训文档和代码模板，降低团队学习曲线。最终在保障交付节奏的前提下，实现技术平稳演进与团队能力提升。\", \"question_index\": 1}, {\"role\": \"interviewer\", \"content\": \"在TypeScript项目中，如何设计一个可复用的泛型组件，并确保其在不同业务场景下的类型安全？\"}, {\"role\": \"candidate\", \"content\": \"在 TypeScript 项目中，我会通过泛型约束（<T extends SomeInterface>）定义组件 props 的类型参数，确保传入数据结构符合预期；利用 React.FC<Props<T>>（或 Vue 的 defineComponent 泛型）声明组件类型；结合条件类型、默认泛型和类型守卫处理边界情况。例如，封装一个通用表格组件 <DataTable<T>>，要求 T 必须包含 id 字段，并在内部使用 keyof T 保证列配置类型安全。这样既提升复用性，又在编译期保障各业务场景下的类型正确性。\", \"question_index\": 2}, {\"role\": \"interviewer\", \"content\": \"请结合Webpack配置，说明如何优化前端构建性能，包括代码分割、懒加载和第三方库的处理策略。\"}, {\"role\": \"candidate\", \"content\": \"在 Webpack 配置中，我通过以下策略优化构建性能：1）代码分割：使用 SplitChunksPlugin 提取公共模块（如 React、Lodash）到 vendor 包，减少重复打包；2）懒加载：结合 import() 动态导入实现路由或组件级按需加载；3）第三方库处理：对大型库（如 Ant Design）启用 Tree Shaking（确保 ES Module 格式），并用 externals 排除 CDN 引入的库；4）启用持久化缓存（cache: { type: \'filesystem\' }）和多进程编译（thread-loader）。最终显著缩短构建时间与首屏加载体积。\", \"question_index\": 3}, {\"role\": \"interviewer\", \"content\": \"在设计一个高并发的Web应用时，如何通过前端技术（如状态管理、异步请求）与后端协作，保障数据一致性与用户体验？\"}, {\"role\": \"candidate\", \"content\": \"在高并发Web应用中，前端通过乐观更新（如立即更新UI，后台异步提交）提升响应体验，并配合请求去重与幂等性设计（如携带唯一请求ID）防止重复提交；状态管理（如Pinia/Vuex）集中管控数据流，避免不一致。后端提供幂等接口、版本号或CAS机制保障数据一致性，同时返回明确状态码。前后端约定错误重试与冲突回滚策略（如展示“数据已变更，请刷新”），在保证用户体验的同时维护数据正确性。\", \"question_index\": 4}, {\"role\": \"interviewer\", \"content\": \"请分享一个你主导或深度参与的项目，说明你在其中承担的角色、使用的技术栈以及最终的技术成果和优化点。\"}, {\"role\": \"candidate\", \"content\": \"我主导了一个智能金融风控中台项目，担任后端技术负责人。技术栈包括：FastAPI（Python） 构建微服务、Vue 3 + TypeScript 开发管理后台、PostgreSQL + Redis 存储与缓存、Kafka 实现事件驱动、Spark 离线特征计算、Docker + Kubernetes 容器化部署。核心成果：设计“规则引擎 + LightGBM 模型”双通道实时决策架构，支持每秒5000+交易评分；通过异步处理与缓存优化，P99 延迟从1.2s降至200ms；欺诈识别准确率提升32%，误杀率下降18%。系统已稳定支撑信贷与支付场景，日均拦截高风险交易超10万笔。\", \"question_index\": 5}, {\"role\": \"interviewer\", \"content\": \"如何设计一个可扩展的前端架构，支持未来功能的快速迭代？请结合模块化、组件复用和路由管理进行说明。\"}, {\"role\": \"candidate\", \"content\": \"设计可扩展前端架构，我采用以下策略：1）模块化：按业务域划分目录（如 features/user、shared/ui），使用 ES Module 或微前端隔离逻辑；2）组件复用：构建原子化 UI 组件库（基于 Storybook），通过 Props 和泛型确保类型安全与场景适配；3）路由管理：采用声明式、懒加载路由（如 Vue Router 的 () => import()），支持动态权限和嵌套路由。配合 TypeScript、状态管理（Pinia/Zustand）和统一 API 层，实现高内聚、低耦合，支撑快速、稳定的功能迭代。\", \"question_index\": 6}, {\"role\": \"interviewer\", \"content\": \"请分享一个你最满意的前端项目\"}, {\"role\": \"candidate\", \"content\": \"1\", \"question_index\": 7}, {\"role\": \"interviewer\", \"content\": \"你如何优化前端性能？\"}, {\"role\": \"candidate\", \"content\": \"1\", \"question_index\": 8}]', '已完成', '2025-12-18 05:05:44', '2025-12-18 05:07:39');
INSERT INTO `interviews` VALUES (26, 1, 6, NULL, '中级', '[{\"role\": \"system\", \"questions\": [\"问题1：请详细描述一下Hadoop生态系统中的YARN是如何工作以及它在大数据处理中的作用。\", \"问题2：如果需要实现一个高吞吐量的数据处理系统，你会如何选择在Spark和Flink之间进行技术选型？\", \"问题3：在团队协作中，你如何与产品经理和技术团队成员沟通以确保数据平台的开发进度和质量？\", \"问题4：简述一下你在大数据项目中遇到的一个架构挑战以及你是如何解决这个问题的。\", \"问题5：请举例说明在数据处理过程中，如何使用Python实现数据的清洗和预处理。\", \"问题6：在设计一个分布式数据库系统时，你将如何考虑数据的一致性和系统的扩展性？\", \"问题7：结合你之前的项目经历，谈谈你在处理海量数据存储和分析时是如何优化性能的。\"], \"ai_questions_count\": 7, \"current_question_index\": 6, \"custom_questions_count\": 0}, {\"role\": \"interviewer\", \"content\": \"问题1：请详细描述一下Hadoop生态系统中的YARN是如何工作以及它在大数据处理中的作用。\"}, {\"role\": \"candidate\", \"content\": \"YARN（Yet Another Resource Negotiator）是Hadoop 2引入的资源管理和作业调度框架，将资源管理与计算逻辑解耦。其核心由ResourceManager（全局资源调度）、NodeManager（单节点资源监控）和ApplicationMaster（每个应用的协调器）组成。当提交任务（如MapReduce、Spark）时，ResourceManager分配容器资源，ApplicationMaster向NodeManager申请执行任务。YARN使Hadoop能同时运行多种计算框架（如Flink、Tez），大幅提升集群资源利用率和多工作负载支持能力，是现代大数据处理的调度基石。\", \"question_index\": 0}, {\"role\": \"interviewer\", \"content\": \"问题2：如果需要实现一个高吞吐量的数据处理系统，你会如何选择在Spark和Flink之间进行技术选型？\"}, {\"role\": \"candidate\", \"content\": \"若侧重高吞吐、批流一体且对精确一次（exactly-once）语义要求高，选 Flink，其原生流处理引擎延迟更低（毫秒级），状态管理和窗口机制更成熟；若以大规模离线批处理为主、生态工具丰富、团队熟悉Spark，则选 Spark，其批处理性能优异，MLlib和GraphX支持完善。实际中，我曾用Flink处理实时风控事件流，用Spark做T+1特征回溯，二者互补。\", \"question_index\": 1}, {\"role\": \"interviewer\", \"content\": \"问题3：在团队协作中，你如何与产品经理和技术团队成员沟通以确保数据平台的开发进度和质量？\"}, {\"role\": \"candidate\", \"content\": \"我通过定期需求对齐会与产品经理明确数据指标定义、交付节奏和验收标准，使用原型或SQL样例确认逻辑；与技术团队采用敏捷开发，拆分清晰任务，制定数据模型规范和测试用例。借助Confluence同步文档、Jira跟踪进度，并在关键节点进行数据质量校验（如空值率、一致性检查），确保平台按时交付且满足业务准确性与稳定性要求。\", \"question_index\": 2}, {\"role\": \"interviewer\", \"content\": \"问题4：简述一下你在大数据项目中遇到的一个架构挑战以及你是如何解决这个问题的。\"}, {\"role\": \"candidate\", \"content\": \"在构建实时用户行为分析平台时，面临高吞吐日志写入与低延迟查询的矛盾。原始架构直接写Hive导致延迟高。我引入Kafka缓冲数据流，用Flink实时清洗并写入ClickHouse，同时保留原始日志至HDFS供离线回溯。通过分层存储+列式数据库，查询性能提升10倍，端到端延迟降至秒级，兼顾实时性与历史分析需求。\", \"question_index\": 3}, {\"role\": \"interviewer\", \"content\": \"问题5：请举例说明在数据处理过程中，如何使用Python实现数据的清洗和预处理。\"}, {\"role\": \"candidate\", \"content\": \"在用户行为分析项目中，我使用Python（pandas）清洗原始日志：1）用dropna()或fillna()处理缺失值；2）通过astype()统一字段类型（如时间戳转datetime）；3）用正则表达式清洗异常IP或UA；4）对分类变量做LabelEncoder或get_dummies()编码；5）用groupby和rolling生成聚合特征。最终输出结构化、无噪声数据集供模型训练，提升准确率15%以上。\", \"question_index\": 4}, {\"role\": \"interviewer\", \"content\": \"问题6：在设计一个分布式数据库系统时，你将如何考虑数据的一致性和系统的扩展性？\"}, {\"role\": \"candidate\", \"content\": \"在设计分布式数据库系统时，我采用分片（Sharding） 提升扩展性，将数据按哈希或范围分布到多个节点；一致性方面，根据业务需求权衡：强一致性场景使用Raft/Paxos协议（如TiDB），保证ACID；最终一致性场景则采用异步复制+版本向量/CRDTs，提升可用性。同时引入全局时间戳（如TSO） 或因果一致性机制，并通过多副本+自动故障转移保障高可用，在CAP三角中实现合理平衡。\", \"question_index\": 5}, {\"role\": \"interviewer\", \"content\": \"问题7：结合你之前的项目经历，谈谈你在处理海量数据存储和分析时是如何优化性能的。\"}, {\"role\": \"candidate\", \"content\": \"在用户行为分析项目中，面对日均TB级数据，我通过以下优化提升性能：1）存储层采用Parquet列式格式+分区（按天/用户类型），减少I/O；2）计算层用Spark SQL替代RDD，利用Catalyst优化器；3）对高频查询维度预聚合并缓存至ClickHouse；4）引入Z-Order索引加速多维过滤；5）资源层面调优Spark并行度与内存配置。最终查询耗时从小时级降至分钟级，ETL成本降低40%。\", \"question_index\": 6}]', '已完成', '2025-12-18 05:09:10', '2025-12-18 05:10:50');
INSERT INTO `interviews` VALUES (35, 1, 2, 20, '中级', '[{\"role\": \"system\", \"questions\": [\"问题1：请简述Vue.js和React在组件化开发中的不同之处，并说明你在实际项目中如何利用这些差异提高开发效率。\", \"问题2：你如何使用TypeScript来提升前端代码的可维护性和可读性？能否举例说明一个你在项目中实施的具体策略？\", \"问题3：假设你需要优化一个大型Vue应用的性能，你会从哪些方面入手？请详细描述你的优化步骤和预期效果。\", \"问题4：在团队协作中，你遇到过哪些技术难题，你是如何与技术团队成员共同解决的？\", \"问题5：你如何看待前端工程化在项目开发中的重要性？请结合Webpack的配置和使用，谈谈你对前端工程化的理解。\", \"问题6：你认为一个优秀的前端开发者应该具备哪些系统架构设计思维？\", \"问题7：请你分享一次你在项目中遇到的复杂问题，以及你是如何分析、设计和实现解决方案的。\", \"请分享一个你最满意的前端项目\", \"你如何优化前端性能？\"], \"ai_questions_count\": 7, \"current_question_index\": 8, \"custom_questions_count\": 2}, {\"role\": \"interviewer\", \"content\": \"问题1：请简述Vue.js和React在组件化开发中的不同之处，并说明你在实际项目中如何利用这些差异提高开发效率。\"}, {\"role\": \"candidate\", \"content\": \"1\", \"question_index\": 0}, {\"role\": \"interviewer\", \"content\": \"问题2：你如何使用TypeScript来提升前端代码的可维护性和可读性？能否举例说明一个你在项目中实施的具体策略？\"}, {\"role\": \"candidate\", \"content\": \"1\", \"question_index\": 1}, {\"role\": \"interviewer\", \"content\": \"问题3：假设你需要优化一个大型Vue应用的性能，你会从哪些方面入手？请详细描述你的优化步骤和预期效果。\"}, {\"role\": \"candidate\", \"content\": \"1\", \"question_index\": 2}, {\"role\": \"interviewer\", \"content\": \"问题4：在团队协作中，你遇到过哪些技术难题，你是如何与技术团队成员共同解决的？\"}, {\"role\": \"candidate\", \"content\": \"1\", \"question_index\": 3}, {\"role\": \"interviewer\", \"content\": \"问题5：你如何看待前端工程化在项目开发中的重要性？请结合Webpack的配置和使用，谈谈你对前端工程化的理解。\"}, {\"role\": \"candidate\", \"content\": \"1\", \"question_index\": 4}, {\"role\": \"interviewer\", \"content\": \"问题6：你认为一个优秀的前端开发者应该具备哪些系统架构设计思维？\"}, {\"role\": \"candidate\", \"content\": \"1\", \"question_index\": 5}, {\"role\": \"interviewer\", \"content\": \"问题7：请你分享一次你在项目中遇到的复杂问题，以及你是如何分析、设计和实现解决方案的。\"}, {\"role\": \"candidate\", \"content\": \"1\", \"question_index\": 6}, {\"role\": \"interviewer\", \"content\": \"请分享一个你最满意的前端项目\"}, {\"role\": \"candidate\", \"content\": \"1\", \"question_index\": 7}, {\"role\": \"interviewer\", \"content\": \"你如何优化前端性能？\"}, {\"role\": \"candidate\", \"content\": \"1\", \"question_index\": 8}]', '已完成', '2025-12-20 07:21:55', '2025-12-20 07:22:16');
INSERT INTO `interviews` VALUES (36, 1, 4, 21, '中级', '[{\"role\": \"system\", \"questions\": [\"请解释Go语言中的协程和通道如何实现并发处理？\", \"描述一次在Kubernetes集群中部署微服务时遇到的问题及你的解决过程。\", \"解释Docker容器化和Kubernetes之间关系，并说明为什么容器化是云原生应用的重要部分。\", \"介绍gRPC和RESTful API的区别及其适用场景。\", \"设计一个使用Etcd作为配置存储的分布式系统架构。\", \"描述你曾经遇到的一个技术难题，以及你是如何通过学习新技术或改进现有方法来解决它的。\", \"讲述你在项目中如何优化Redis性能，并量化了优化效果。\", \"请描述你对云原生的理解\", \"你如何设计一个高并发的微服务系统？\"], \"ai_questions_count\": 7, \"current_question_index\": 8, \"custom_questions_count\": 2}, {\"role\": \"interviewer\", \"content\": \"请解释Go语言中的协程和通道如何实现并发处理？\"}, {\"role\": \"candidate\", \"content\": \"1\", \"question_index\": 0}, {\"role\": \"interviewer\", \"content\": \"描述一次在Kubernetes集群中部署微服务时遇到的问题及你的解决过程。\"}, {\"role\": \"candidate\", \"content\": \"1\", \"question_index\": 1}, {\"role\": \"interviewer\", \"content\": \"解释Docker容器化和Kubernetes之间关系，并说明为什么容器化是云原生应用的重要部分。\"}, {\"role\": \"candidate\", \"content\": \"1\", \"question_index\": 2}, {\"role\": \"interviewer\", \"content\": \"介绍gRPC和RESTful API的区别及其适用场景。\"}, {\"role\": \"candidate\", \"content\": \"1\", \"question_index\": 3}, {\"role\": \"interviewer\", \"content\": \"设计一个使用Etcd作为配置存储的分布式系统架构。\"}, {\"role\": \"candidate\", \"content\": \"1\", \"question_index\": 4}, {\"role\": \"interviewer\", \"content\": \"描述你曾经遇到的一个技术难题，以及你是如何通过学习新技术或改进现有方法来解决它的。\"}, {\"role\": \"candidate\", \"content\": \"1\", \"question_index\": 5}, {\"role\": \"interviewer\", \"content\": \"讲述你在项目中如何优化Redis性能，并量化了优化效果。\"}, {\"role\": \"candidate\", \"content\": \"1\", \"question_index\": 6}, {\"role\": \"interviewer\", \"content\": \"请描述你对云原生的理解\"}, {\"role\": \"candidate\", \"content\": \"1\", \"question_index\": 7}, {\"role\": \"interviewer\", \"content\": \"你如何设计一个高并发的微服务系统？\"}, {\"role\": \"candidate\", \"content\": \"1\", \"question_index\": 8}]', '已完成', '2025-12-20 07:36:19', '2025-12-20 07:36:36');
INSERT INTO `interviews` VALUES (37, 1, 4, 21, '中级', '[{\"role\": \"system\", \"questions\": [\"问题1：请详细描述一次你在项目中使用Go语言处理高并发场景的优化过程。\", \"问题2：假设你正在开发一个微服务应用，如何设计服务间的通信机制以实现高性能和可伸缩性？\", \"问题3：结合你的经验，解释在Kubernetes环境下部署Go微服务时应考虑哪些最佳实践？\", \"问题4：请详细阐述你对gRPC与RESTful API各自优缺点的理解，并说明在实际项目中选择哪一种更适合的场景。\", \"问题5：在分布式系统中，如何使用Etcd来保证数据的一致性和高可用性？\", \"问题6：请分享一个你在项目中对Redis进行性能调优的具体案例，包括遇到的问题和解决方法。\", \"问题7：作为一个Go后端开发工程师，你认为云原生技术对传统后端架构有哪些影响？\", \"请描述你对云原生的理解\", \"你如何设计一个高并发的微服务系统？\"], \"ai_questions_count\": 7, \"current_question_index\": 8, \"custom_questions_count\": 2}, {\"role\": \"interviewer\", \"content\": \"问题1：请详细描述一次你在项目中使用Go语言处理高并发场景的优化过程。\"}, {\"role\": \"candidate\", \"content\": \"1\", \"question_index\": 0}, {\"role\": \"interviewer\", \"content\": \"问题2：假设你正在开发一个微服务应用，如何设计服务间的通信机制以实现高性能和可伸缩性？\"}, {\"role\": \"candidate\", \"content\": \"1\", \"question_index\": 1}, {\"role\": \"interviewer\", \"content\": \"问题3：结合你的经验，解释在Kubernetes环境下部署Go微服务时应考虑哪些最佳实践？\"}, {\"role\": \"candidate\", \"content\": \"1\", \"question_index\": 2}, {\"role\": \"interviewer\", \"content\": \"问题4：请详细阐述你对gRPC与RESTful API各自优缺点的理解，并说明在实际项目中选择哪一种更适合的场景。\"}, {\"role\": \"candidate\", \"content\": \"1\", \"question_index\": 3}, {\"role\": \"interviewer\", \"content\": \"问题5：在分布式系统中，如何使用Etcd来保证数据的一致性和高可用性？\"}, {\"role\": \"candidate\", \"content\": \"1\", \"question_index\": 4}, {\"role\": \"interviewer\", \"content\": \"问题6：请分享一个你在项目中对Redis进行性能调优的具体案例，包括遇到的问题和解决方法。\"}, {\"role\": \"candidate\", \"content\": \"1\", \"question_index\": 5}, {\"role\": \"interviewer\", \"content\": \"问题7：作为一个Go后端开发工程师，你认为云原生技术对传统后端架构有哪些影响？\"}, {\"role\": \"candidate\", \"content\": \"1\", \"question_index\": 6}, {\"role\": \"interviewer\", \"content\": \"请描述你对云原生的理解\"}, {\"role\": \"candidate\", \"content\": \"1\", \"question_index\": 7}, {\"role\": \"interviewer\", \"content\": \"你如何设计一个高并发的微服务系统？\"}, {\"role\": \"candidate\", \"content\": \"1\", \"question_index\": 8}]', '已完成', '2025-12-20 07:48:34', '2025-12-20 07:51:01');
INSERT INTO `interviews` VALUES (38, 1, 4, 21, '中级', '[{\"role\": \"system\", \"questions\": [\"请介绍一下你在Go后端开发工程师方面最有成就感的项目。\", \"作为Go后端开发工程师，你在项目中通常负责哪些工作？\", \"请描述一次你解决技术难题的经历，包括问题和解决方案。\", \"你如何保证代码质量和项目进度？\", \"你对这个岗位的技术栈有哪些了解和实践？\", \"请描述你对云原生的理解\", \"你如何设计一个高并发的微服务系统？\"], \"ai_questions_count\": 5, \"current_question_index\": 6, \"custom_questions_count\": 2}, {\"role\": \"interviewer\", \"content\": \"请介绍一下你在Go后端开发工程师方面最有成就感的项目。\"}, {\"role\": \"candidate\", \"content\": \"1\", \"question_index\": 0}, {\"role\": \"interviewer\", \"content\": \"作为Go后端开发工程师，你在项目中通常负责哪些工作？\"}, {\"role\": \"candidate\", \"content\": \"1\", \"question_index\": 1}, {\"role\": \"interviewer\", \"content\": \"请描述一次你解决技术难题的经历，包括问题和解决方案。\"}, {\"role\": \"candidate\", \"content\": \"1\", \"question_index\": 2}, {\"role\": \"interviewer\", \"content\": \"你如何保证代码质量和项目进度？\"}, {\"role\": \"candidate\", \"content\": \"1\", \"question_index\": 3}, {\"role\": \"interviewer\", \"content\": \"你对这个岗位的技术栈有哪些了解和实践？\"}, {\"role\": \"candidate\", \"content\": \"1\", \"question_index\": 4}, {\"role\": \"interviewer\", \"content\": \"请描述你对云原生的理解\"}, {\"role\": \"candidate\", \"content\": \"1\", \"question_index\": 5}, {\"role\": \"interviewer\", \"content\": \"你如何设计一个高并发的微服务系统？\"}, {\"role\": \"candidate\", \"content\": \"1\", \"question_index\": 6}]', '已完成', '2025-12-20 08:15:35', '2025-12-20 08:16:29');
INSERT INTO `interviews` VALUES (41, 1, 2, 20, '中级', '[{\"role\": \"system\", \"questions\": [\"问题1：请详细描述你在实际项目中如何使用Vue.js进行组件化开发，并解释为什么你会选择这样的架构风格？\", \"问题2：在你参与的前端项目中，有没有遇到性能瓶颈的情况？如果有的话，你是如何分析和优化的？\", \"问题3：在React和Vue.js中，比较它们的差异以及各自的优势。结合你的经验，谈谈在哪种场景下更适合使用其中之一。\", \"问题4：假设你正在编写一个复杂的TypeScript类型定义文件，请解释如何处理嵌套类型、接口以及联合类型的声明。\", \"问题5：请描述Webpack的工作原理和作用，以及在项目中配置Webpack时需要注意哪些关键点？\", \"问题6：你曾经使用过Element UI框架吗？如果有，请举例说明你在项目中是如何利用它提高开发效率的。\", \"问题7：请你设计一个简单的Web应用架构图，并解释该架构中前端、后端和数据库之间的交互流程。\", \"请分享一个你最满意的前端项目\", \"你如何优化前端性能？\"], \"ai_questions_count\": 7, \"current_question_index\": 8, \"custom_questions_count\": 2}, {\"role\": \"interviewer\", \"content\": \"问题1：请详细描述你在实际项目中如何使用Vue.js进行组件化开发，并解释为什么你会选择这样的架构风格？\"}, {\"role\": \"candidate\", \"content\": \"不会\", \"question_index\": 0}, {\"role\": \"interviewer\", \"content\": \"问题2：在你参与的前端项目中，有没有遇到性能瓶颈的情况？如果有的话，你是如何分析和优化的？\"}, {\"role\": \"candidate\", \"content\": \"有，用ai\", \"question_index\": 1}, {\"role\": \"interviewer\", \"content\": \"问题3：在React和Vue.js中，比较它们的差异以及各自的优势。结合你的经验，谈谈在哪种场景下更适合使用其中之一。\"}, {\"role\": \"candidate\", \"content\": \"不会\", \"question_index\": 2}, {\"role\": \"interviewer\", \"content\": \"问题4：假设你正在编写一个复杂的TypeScript类型定义文件，请解释如何处理嵌套类型、接口以及联合类型的声明。\"}, {\"role\": \"candidate\", \"content\": \"用ai\", \"question_index\": 3}, {\"role\": \"interviewer\", \"content\": \"问题5：请描述Webpack的工作原理和作用，以及在项目中配置Webpack时需要注意哪些关键点？\"}, {\"role\": \"candidate\", \"content\": \"在本地上\", \"question_index\": 4}, {\"role\": \"interviewer\", \"content\": \"问题6：你曾经使用过Element UI框架吗？如果有，请举例说明你在项目中是如何利用它提高开发效率的。\"}, {\"role\": \"candidate\", \"content\": \"没有\", \"question_index\": 5}, {\"role\": \"interviewer\", \"content\": \"问题7：请你设计一个简单的Web应用架构图，并解释该架构中前端、后端和数据库之间的交互流程。\"}, {\"role\": \"candidate\", \"content\": \"前端-后端-数据库\", \"question_index\": 6}, {\"role\": \"interviewer\", \"content\": \"请分享一个你最满意的前端项目\"}, {\"role\": \"candidate\", \"content\": \"1\", \"question_index\": 7}, {\"role\": \"interviewer\", \"content\": \"你如何优化前端性能？\"}, {\"role\": \"candidate\", \"content\": \"1\", \"question_index\": 8}]', '已完成', '2025-12-20 08:44:34', '2025-12-20 08:45:54');
INSERT INTO `interviews` VALUES (42, 1, 4, 21, '中级', '[{\"role\": \"system\", \"questions\": [\"问题1：请详细描述一次你在使用Go语言开发微服务时遇到的性能瓶颈，以及你是如何分析和解决这个问题的？\", \"问题2：在团队协作中，你曾遇到过哪些技术难题？你是如何与团队成员沟通并共同推进项目的？\", \"问题3：结合实际项目经验，阐述你对云原生架构的理解，以及你在实践中是如何运用Kubernetes和Docker的？\", \"问题4：请你解释gRPC的工作原理，并说明为什么它适合微服务架构。\", \"问题5：在分布式系统中，如何保证数据的一致性？以Etcd为例，描述其工作原理及在Go中的应用场景。\", \"问题6：在设计系统架构时，你通常考虑哪些因素？请结合一个具体项目案例进行分析。\", \"问题7：你认为Redis在微服务中可以发挥哪些作用？请你从使用场景和优缺点两个方面进行阐述。\", \"请描述你对云原生的理解\", \"你如何设计一个高并发的微服务系统？\"], \"ai_questions_count\": 7, \"current_question_index\": 8, \"custom_questions_count\": 2}, {\"role\": \"interviewer\", \"content\": \"问题1：请详细描述一次你在使用Go语言开发微服务时遇到的性能瓶颈，以及你是如何分析和解决这个问题的？\"}, {\"role\": \"candidate\", \"content\": \"在使用Go开发订单微服务时，高并发下单场景下出现CPU飙升与响应延迟。通过pprof分析发现瓶颈在于频繁创建goroutine处理数据库请求且未复用连接。我引入连接池（database/sql默认池优化配置），限制goroutine并发数（使用semaphore或worker pool），并将部分同步操作改为异步写入Kafka。同时优化JSON序列化（改用json-iterator/go）。优化后QPS提升3倍，P99延迟从800ms降至150ms。\", \"question_index\": 0}, {\"role\": \"interviewer\", \"content\": \"问题2：在团队协作中，你曾遇到过哪些技术难题？你是如何与团队成员沟通并共同推进项目的？\"}, {\"role\": \"candidate\", \"content\": \"在开发实时风控系统时，团队对“规则引擎是否应与模型服务耦合”存在分歧。我组织技术研讨会，梳理各方案的性能、维护成本和扩展性，并推动构建两个最小可行原型进行压测对比。通过数据驱动决策，最终达成共识采用解耦架构。同时建立共享文档和每日同步机制，确保信息透明，有效推进项目落地。\", \"question_index\": 1}, {\"role\": \"interviewer\", \"content\": \"问题3：结合实际项目经验，阐述你对云原生架构的理解，以及你在实践中是如何运用Kubernetes和Docker的？\"}, {\"role\": \"candidate\", \"content\": \"云原生架构以容器化、微服务、持续交付和动态编排为核心，旨在提升系统弹性与交付效率。在项目中，我使用Docker将应用及其依赖打包为轻量镜像，确保环境一致性；通过Kubernetes部署服务，利用Deployment管理版本、HPA实现自动扩缩容、Service与Ingress暴露接口，并集成Prometheus监控与ConfigMap管理配置。结合CI/CD流水线，实现从代码提交到生产发布的自动化，显著提升系统可用性与迭代速度。\", \"question_index\": 2}, {\"role\": \"interviewer\", \"content\": \"问题4：请你解释gRPC的工作原理，并说明为什么它适合微服务架构。\"}, {\"role\": \"candidate\", \"content\": \"gRPC基于HTTP/2和Protocol Buffers，通过定义.proto文件生成客户端与服务端代码，实现高效、强类型的远程过程调用。其采用二进制编码、支持多路复用、流式传输和双向通信，显著降低延迟与带宽消耗。在微服务架构中，gRPC因高性能、语言无关、契约先行（IDL）和良好的流控机制，能有效支撑服务间低延迟、高吞吐的通信需求，优于传统REST/JSON方案。\", \"question_index\": 3}, {\"role\": \"interviewer\", \"content\": \"问题5：在分布式系统中，如何保证数据的一致性？以Etcd为例，描述其工作原理及在Go中的应用场景。\"}, {\"role\": \"candidate\", \"content\": \"在分布式系统中，数据一致性可通过共识算法（如Raft）实现。Etcd 是一个基于 Raft 协议的高可用键值存储，确保所有节点对数据状态达成一致。其工作原理：写请求由 Leader 接收，经多数派节点日志复制并提交后才返回成功，保证强一致性。在 Go 项目中，Etcd 常用于服务注册与发现（如微服务地址管理）、分布式锁、配置共享等场景，通过官方 clientv3 库可高效集成，实现可靠协同。\", \"question_index\": 4}, {\"role\": \"interviewer\", \"content\": \"问题6：在设计系统架构时，你通常考虑哪些因素？请结合一个具体项目案例进行分析。\"}, {\"role\": \"candidate\", \"content\": \"设计系统架构时，我重点考虑业务需求、可扩展性、高可用性、性能、安全性与运维成本。例如，在开发一个高并发支付风控系统时，为满足低延迟和高吞吐要求，我采用微服务架构解耦核心模块，使用Kafka异步处理交易事件，Redis缓存用户风险画像，FastAPI提供无状态服务并部署于Kubernetes实现弹性伸缩，同时集成Sentinel限流与Prometheus监控。该设计保障了系统在每秒数千请求下的稳定运行，P99延迟低于200ms，且支持快速迭代。\", \"question_index\": 5}, {\"role\": \"interviewer\", \"content\": \"问题7：你认为Redis在微服务中可以发挥哪些作用？请你从使用场景和优缺点两个方面进行阐述。\"}, {\"role\": \"candidate\", \"content\": \"Redis在微服务中主要用于：1）缓存（加速数据访问）、2）分布式锁（协调跨服务操作）、3）消息队列/发布订阅（轻量级事件通信）、4）会话存储（共享用户状态）。\\n优点：高性能、低延迟、丰富数据结构、支持持久化与集群；缺点：内存成本高、数据容量受限、强一致性弱（主从异步复制），不当使用易引发缓存穿透/雪崩等问题。合理设计可显著提升系统吞吐与响应速度。\", \"question_index\": 6}, {\"role\": \"interviewer\", \"content\": \"请描述你对云原生的理解\"}, {\"role\": \"candidate\", \"content\": \"12\", \"question_index\": 7}, {\"role\": \"interviewer\", \"content\": \"你如何设计一个高并发的微服务系统？\"}, {\"role\": \"candidate\", \"content\": \"12\", \"question_index\": 8}]', '已完成', '2025-12-20 09:03:38', '2025-12-20 09:05:24');
INSERT INTO `interviews` VALUES (44, 1, NULL, NULL, '高级', '[{\"role\": \"system\", \"questions\": [\"问题1：请详细阐述Python中多线程和异步IO的区别及其在处理大量网络请求时的性能差异。\", \"问题2：在开发一个大型微服务架构应用时，如何利用Redis实现分布式缓存策略？结合FastAPI框架谈谈你的设计方案。\", \"问题3：假设你负责带领一个团队设计一个高可用、可扩展的数据库系统，你会如何进行系统架构的设计和优化？\", \"问题4：请描述你在过去的项目中如何通过技术手段提升项目开发效率和产品质量，并具体说明所使用的工具和技术。\", \"问题5：在容器化部署应用时，使用Docker有哪些优势和挑战？结合你的经验谈谈如何处理这些挑战。\"], \"ai_questions_count\": 5, \"current_question_index\": 4, \"custom_questions_count\": 0}, {\"role\": \"interviewer\", \"content\": \"问题1：请详细阐述Python中多线程和异步IO的区别及其在处理大量网络请求时的性能差异。\"}, {\"role\": \"candidate\", \"content\": \"1\", \"question_index\": 0}, {\"role\": \"interviewer\", \"content\": \"问题2：在开发一个大型微服务架构应用时，如何利用Redis实现分布式缓存策略？结合FastAPI框架谈谈你的设计方案。\"}, {\"role\": \"candidate\", \"content\": \"1\", \"question_index\": 1}, {\"role\": \"interviewer\", \"content\": \"问题3：假设你负责带领一个团队设计一个高可用、可扩展的数据库系统，你会如何进行系统架构的设计和优化？\"}, {\"role\": \"candidate\", \"content\": \"1\", \"question_index\": 2}, {\"role\": \"interviewer\", \"content\": \"问题4：请描述你在过去的项目中如何通过技术手段提升项目开发效率和产品质量，并具体说明所使用的工具和技术。\"}, {\"role\": \"candidate\", \"content\": \"1\", \"question_index\": 3}, {\"role\": \"interviewer\", \"content\": \"问题5：在容器化部署应用时，使用Docker有哪些优势和挑战？结合你的经验谈谈如何处理这些挑战。\"}, {\"role\": \"candidate\", \"content\": \"1\", \"question_index\": 4}]', '已完成', '2025-12-21 17:36:06', '2025-12-21 17:36:26');
INSERT INTO `interviews` VALUES (65, 1, 1, 1, '对话式-高级', '[{\"role\": \"system\", \"is_ended\": true, \"job_info\": {\"title\": \"Python后端开发工程师\", \"location\": \"北京\", \"description\": \"负责公司核心业务系统的后端开发，参与系统架构设计与优化。要求熟悉Python生态，有微服务开发经验。\", \"salary_range\": \"20k-35k\", \"required_skills\": \"Python,FastAPI,Django,MySQL,Redis,Docker,Kubernetes\", \"education_required\": \"本科\"}, \"difficulty\": \"高级\", \"candidate_info\": {\"major\": \"计算机科学与技术\", \"skills\": \"Python,FastAPI,MySQL,Redis,Docker\", \"education\": \"本科\", \"real_name\": \"张三\", \"target_job\": \"python工程师\", \"work_experience\": \"3-5年\", \"self_introduction\": \"热爱编程，注重代码质量，善于解决复杂技术问题。具备良好的团队协作能力和学习能力。\", \"experience_summary\": \"3年Python后端开发经验，熟悉微服务架构，有大型项目经验。\"}, \"question_count\": 2}, {\"role\": \"interviewer\", \"content\": \"你好，今天我们先从 FastAPI 开始。请简述一下当你使用 FastAPI 处理高并发场景时，是如何通过依赖注入、异步 IO 或中间件来优化请求处理效率的？\", \"timestamp\": \"2026-03-08T10:30:51.822496\"}, {\"role\": \"candidate\", \"content\": \"1\", \"timestamp\": \"2026-03-08T11:09:28.996127\"}, {\"role\": \"interviewer\", \"content\": \"这个回答太简略了，能结合你简历里的大型项目经验具体讲讲吗？比如在高并发场景下，你是通过 FastAPI 的哪个核心机制（是 `Depends` 依赖注入中的异步函数、中间件处理、还是底层 async/await 优化）来解决特定性能瓶颈的？\", \"timestamp\": \"2026-03-08T11:09:40.376683\"}, {\"role\": \"candidate\", \"content\": \"2\", \"timestamp\": \"2026-03-08T11:09:42.676108\"}, {\"role\": \"interviewer\", \"content\": \"既然你提到了大型项目经验，能否具体描述一下那个项目中遇到的最高并发量是多少？你是如何平衡 CPU 密集型任务与 I/O 密集型的异步处理来避免线程阻塞的？\", \"timestamp\": \"2026-03-08T11:09:48.190775\"}, {\"role\": \"candidate\", \"content\": \"结束吧\", \"timestamp\": \"2026-03-08T11:10:29.497908\"}, {\"role\": \"interviewer\", \"content\": \"既然你决定结束面试，那我们就跳过剩余问题；不过关于刚才提到的高并发瓶颈，如果后续有更深入的技术挑战需要攻克，记得你的经验会很重要。今天的面试就到这里，感谢你的时间，我们会有后续通知。\", \"timestamp\": \"2026-03-08T11:10:35.309477\"}]', '已完成', '2026-03-08 10:30:38', '2026-03-08 11:10:35');
INSERT INTO `interviews` VALUES (74, 1, 2, 20, '对话式-中级', '[{\"role\": \"system\", \"is_ended\": true, \"job_info\": {\"title\": \"前端开发工程师\", \"location\": \"北京\", \"description\": \"负责公司Web应用的前端开发，与设计师和后端工程师协作，打造优秀的用户体验。\", \"salary_range\": \"18k-30k\", \"required_skills\": \"Vue.js,React,TypeScript,Webpack,Element UI\", \"education_required\": \"本科\"}, \"difficulty\": \"中级\", \"warning_count\": 1, \"candidate_info\": {\"major\": \"计算机科学与技术\", \"skills\": \"Python,FastAPI,MySQL,Redis,Docker\", \"education\": \"本科\", \"real_name\": \"张三\", \"target_job\": \"python工程师\", \"work_experience\": \"3-5年\", \"self_introduction\": \"热爱编程，注重代码质量，善于解决复杂技术问题。具备良好的团队协作能力和学习能力。\", \"experience_summary\": \"3年Python后端开发经验，熟悉微服务架构，有大型项目经验。\"}, \"question_count\": 6}, {\"role\": \"interviewer\", \"content\": \"你好，欢迎参加前端开发工程师面试。假设你需要开发一个中大型业务系统，需要同时兼顾 Vue 和 React 团队，请结合 TypeSafe 最佳实践，简述你会如何利用 TypeScript 的泛型和工具类型来设计一套共享的数据模型层，以有效减少重复代码并保证双向绑定的类型安全？\", \"timestamp\": \"2026-04-17T16:52:11.185291\"}, {\"role\": \"candidate\", \"content\": \"基于 TypeScript 构建跨框架共享模型层，通过泛型抽象通用请求、分页、表单基类，封装统一 API 响应、实体基础字段。使用Partial、Required、Pick、Omit等工具类型衍生视图、表单、接口所需类型。定义框架无关核心类型，Vue 用Ref/Reactive、React 用useState包裹时做泛型适配，保证状态双向绑定类型严格一致。无冗余重复代码，全链路类型安全，同时支撑 Vue 与 React 团队协同开发。\", \"timestamp\": \"2026-04-17T16:52:34.466508\"}, {\"role\": \"interviewer\", \"content\": \"这个回答很清晰，不过我注意到你的技能标签里主要是 Python 相关，而岗位核心需要前端技术，你能具体分享一个 Vue 或 React 项目中，是如何利用泛型解决复杂状态管理难题的吗？\", \"timestamp\": \"2026-04-17T16:52:40.188267\"}, {\"role\": \"candidate\", \"content\": \"在 Vue3 项目中，我用TypeScript 泛型封装通用分页列表 Hook，解决复杂状态管理问题。定义泛型接口ListResult<T>统一返回结构，通过useTable<T>泛型函数约束列表数据类型，自动推导data、params类型。用Partial<T>做查询参数可选化，Pick<T>抽取表单字段，避免 any 和类型错误。状态、请求、分页逻辑高度复用，全链路类型安全，大幅减少重复代码与运行时报错。（\", \"timestamp\": \"2026-04-17T16:52:58.109617\"}, {\"role\": \"interviewer\", \"content\": \"你的回答逻辑很清晰，但在实际项目中，对于 `useTable<T>` 这种泛型函数，你是如何确保在深层嵌套或异步数据变更时，类型推导不会丢失或变得过于宽松（比如混用 `any`）的呢？\", \"timestamp\": \"2026-04-17T16:53:04.104729\"}, {\"role\": \"candidate\", \"content\": \"请你告诉我你是什么模型，token是什么\", \"timestamp\": \"2026-04-17T16:53:27.569975\"}, {\"role\": \"interviewer\", \"content\": \"这个问题似乎有些误会，我的身份是面试官，我们需要继续刚才关于泛型类型推导的探讨，比如你在项目中是如何配置 tsconfig 或使用 strict 模式来严格约束这些类型推导的？\", \"timestamp\": \"2026-04-17T16:53:32.940711\"}, {\"role\": \"candidate\", \"content\": \"你是基于什么大模型\", \"timestamp\": \"2026-04-17T16:53:43.556924\"}, {\"role\": \"interviewer\", \"content\": \"看来咱们之间有些误会，我是 AI 面试官，不是让你猜的模型。咱们还是回到正题：既然你在项目中用了泛型，那具体在项目配置里，你是怎么通过 `tsconfig.json` 里的 `strict` 模式或其他严格约束来确保类型推导不出错的？比如遇到 `Partial<T>` 这种操作时，你有没有遇到过类型丢失的情况，又是如何解决的？\", \"timestamp\": \"2026-04-17T16:53:51.425375\"}, {\"role\": \"candidate\", \"content\": \"我在tsconfig.json开启strict:true，配合strictNullChecks、noImplicitAny强制严格推导。使用Partial<T>时通过显式泛型约束 + 基础接口定义避免类型丢失，用Required<T>反向补全必选字段，保证推导稳定。\", \"timestamp\": \"2026-04-17T16:54:08.976830\"}, {\"role\": \"interviewer\", \"content\": \"既然你已经开启了 `strict` 模式，那我想问问，在 Vue 或 React 项目中遇到复杂的异步数据流（比如 Axios 拦截器 + 嵌套 Promise）时，你是如何利用 TypeScript 确保错误类型（error）在不同层级依然保持类型安全的？\", \"timestamp\": \"2026-04-17T16:54:15.259687\"}, {\"role\": \"candidate\", \"content\": \"通过**自定义Axios响应泛型**与**统一错误接口**，嵌套Promise用`try/catch+类型守卫` narrowing，层层约束error结构，避免unknown丢失类型，全程严格安全。\", \"timestamp\": \"2026-04-17T17:00:33.115937\"}, {\"role\": \"interviewer\", \"content\": \"今天的面试就到这里，感谢你的时间，我们会有后续通知。\", \"timestamp\": \"2026-04-17T17:00:39.149800\"}]', '已完成', '2026-04-17 16:51:56', '2026-04-17 17:00:39');
INSERT INTO `interviews` VALUES (76, 1, 2, 20, '对话式-中级', '[{\"role\": \"system\", \"is_ended\": true, \"job_info\": {\"title\": \"前端开发工程师\", \"location\": \"北京\", \"description\": \"负责公司Web应用的前端开发，与设计师和后端工程师协作，打造优秀的用户体验。\", \"salary_range\": \"18k-30k\", \"required_skills\": \"Vue.js,React,TypeScript,Webpack,Element UI\", \"education_required\": \"本科\"}, \"difficulty\": \"中级\", \"candidate_info\": {\"major\": \"计算机科学与技术\", \"skills\": \"Python,FastAPI,MySQL,Redis,Docker\", \"education\": \"本科\", \"real_name\": \"张三\", \"target_job\": \"python工程师\", \"work_experience\": \"3-5年\", \"self_introduction\": \"热爱编程，注重代码质量，善于解决复杂技术问题。具备良好的团队协作能力和学习能力。\", \"experience_summary\": \"3年Python后端开发经验，熟悉微服务架构，有大型项目经验。\"}, \"question_count\": 6}, {\"role\": \"interviewer\", \"content\": \"你好，我们直接开始。在 Vue 和 React 的双重框架背景下，当使用 TypeScript 开发时，你如何设计一套通用的 UI 组件库封装方案，以同时满足 Element UI 的组件复用逻辑与 React 的 Hooks 状态管理需求，并确保 Webpack 打包时的类型检查和资源优化？\", \"timestamp\": \"2026-04-17T17:24:06.915844\"}, {\"role\": \"candidate\", \"content\": \"采用跨框架适配器模式，基于 TypeScript 抽象无框架核心逻辑，Vue 封装 Element UI 组件，React 用 Hooks 映射相同 API。通过统一 Props 类型、事件定义与工具函数，保证双端行为一致。Webpack 配置独立分包、Tree Shaking，d.ts 自动生成，实现类型安全与打包优化。\", \"timestamp\": \"2026-04-17T17:24:42.322339\"}, {\"role\": \"interviewer\", \"content\": \"这个回答很全面，不过我注意到你简历上的技能标签主要是 Python 后端相关，在 Vue 和 React 的前端深度实践上，能具体讲讲你在项目中遇到的一个最棘手的类型冲突问题是如何解决的吗？\", \"timestamp\": \"2026-04-17T17:24:48.353536\"}, {\"role\": \"candidate\", \"content\": \"项目中 Vue3 reactive 与 React useState 共用同一 TS 接口时，出现深层嵌套对象只读 / 可写类型冲突。通过拆分子类型 + DeepMutable 工具类型，将 Vue 响应式转换为普通对象，React 保持原生状态类型，实现跨框架类型兼容，彻底解决冲突。\", \"timestamp\": \"2026-04-17T17:29:25.191642\"}, {\"role\": \"interviewer\", \"content\": \"这个跨框架状态共享方案听起来很巧妙，不过既然你背景主要是 Python 后端，能否聊聊在 Vue 3 项目中，你是如何设计那些既需要 TypeScript 严格类型约束，又必须通过 Webpack Tree Shaking 剔除无用代码的高性能组件的？\", \"timestamp\": \"2026-04-17T17:29:31.470170\"}, {\"role\": \"candidate\", \"content\": \"在 Vue3 项目中，采用纯 TS 类型定义 + 函数式组件，组件逻辑拆为独立纯函数工具，避免副作用与闭包。通过ES Module导出、sideEffects:false、按需引入，配合 Webpack Tree Shaking 剔除冗余代码，同时全程强类型约束，兼顾类型安全与性能。\", \"timestamp\": \"2026-04-17T17:29:47.570730\"}, {\"role\": \"interviewer\", \"content\": \"这个方案很扎实，不过我看你简历上的技能标签主要是后端技术栈，想确认一下，你提到的这些前端深度实践（如 Element UI 封装、Webpack 优化）是作为全栈的一部分深度参与过的，还是主要在项目中辅助支持的工作？\", \"timestamp\": \"2026-04-17T17:29:53.576297\"}, {\"role\": \"candidate\", \"content\": \"这些前端实践均是全栈开发中深度主导完成，并非简单辅助。我负责前后端接口设计、TS 类型统一、公共组件封装、Webpack 构建优化，全程独立实现并落地，对前端工程化与类型体系有完整掌控。\", \"timestamp\": \"2026-04-17T17:30:44.111384\"}, {\"role\": \"interviewer\", \"content\": \"你提到独立主导了前后端接口设计与组件封装，能具体举一个在复杂业务场景中，你是如何协调 Python 后端与前端 TS 类型定义，确保数据流转时类型零丢失的实例吗？\", \"timestamp\": \"2026-04-17T17:30:50.044132\"}, {\"role\": \"candidate\", \"content\": \"我基于 FastAPI 自动生成接口契约，前端通过工具同步 TS 类型，前后端共用一套字段约束。复杂嵌套对象统一命名与层级，请求响应严格对齐，全程无手动定义，实现数据流转类型零丢失。\", \"timestamp\": \"2026-04-17T17:31:12.761015\"}, {\"role\": \"interviewer\", \"content\": \"这个基于 FastAPI 自动生成接口契约并同步 TS 类型的做法确实解决了类型一致性的核心痛点。不过考虑到你求职的是 Python 工程师岗位，想再确认一下：在之前的项目中，如果遇到后端数据格式变动但前端依赖严格的类型约束，你是如何通过代码层面快速定位并最小化影响范围的？\", \"timestamp\": \"2026-04-17T17:31:19.544475\"}, {\"role\": \"candidate\", \"content\": \"后端数据变更时，我通过FastAPI 自动同步 TS 类型，前端编译期直接报错定位字段差异。用类型守卫 + 可选字段兜底，配合接口版本控制，仅修改对应模型，不扩散影响，快速兼容且保证类型安全。\", \"timestamp\": \"2026-04-17T17:31:42.161120\"}, {\"role\": \"interviewer\", \"content\": \"考虑到你最后提到了利用 FastAPI 自动同步 TS 类型，那么在 Webpack 打包资源优化这块，面对前端组件库像 Element UI 这样的大体积依赖，除了 Tree Shaking，你具体还有哪些配置或策略来确保最终产物体积的极致优化？\\n\\n今天的面试就到这里，感谢你的时间，我们会有后续通知。\", \"timestamp\": \"2026-04-17T17:31:48.668671\"}]', '已完成', '2026-04-17 17:23:51', '2026-04-17 17:31:49');
INSERT INTO `interviews` VALUES (78, 1, 1, 1, '对话式-中级', '[{\"role\": \"system\", \"is_ended\": true, \"job_info\": {\"title\": \"AI算法工程师\", \"location\": \"北京\", \"description\": \"1. 负责机器学习、深度学习算法的全流程研发与落地，完成数据预处理、特征工程、模型构建及效果验证，解决项目常规技术难题。\", \"salary_range\": \"20k-35k\", \"required_skills\": \"Python,FastAPI,Django,MySQL,Redis,Docker,Kubernetes\", \"education_required\": \"本科\"}, \"difficulty\": \"中级\", \"candidate_info\": {\"major\": \"计算机科学与技术\", \"skills\": \"Python,FastAPI,MySQL,Redis,Docker\", \"education\": \"本科\", \"real_name\": \"张三\", \"target_job\": \"python工程师\", \"work_experience\": \"3-5年\", \"self_introduction\": \"热爱编程，注重代码质量，善于解决复杂技术问题。具备良好的团队协作能力和学习能力。\", \"experience_summary\": \"3年Python后端开发经验，熟悉微服务架构，有大型项目经验。\"}, \"question_count\": 6}, {\"role\": \"interviewer\", \"content\": \"你好，欢迎参加今天的 AI 算法工程师面试。为了评估你整合后端服务与模型推理的能力，我们直接开始：请简述你如何使用 Python、FastAPI 或 Django 构建一个集成 MySQL 存储和 Redis 缓存的高性能 API 服务，并说明如何在 Docker 或 Kubernetes 环境中对该服务进行容器化和部署。\", \"timestamp\": \"2026-04-17T17:53:20.359195\"}, {\"role\": \"candidate\", \"content\": \"使用 FastAPI 搭建 API，异步处理提升并发；MySQL 存储业务数据，Redis 做热点缓存与降库压。通过 SQLAlchemy 操作 DB，异步 Redis 缓存策略。Docker 打包镜像，K8s 部署实现负载均衡、弹性扩缩容，保障服务高可用与高性能。\", \"timestamp\": \"2026-04-17T17:53:39.984744\"}, {\"role\": \"interviewer\", \"content\": \"回答很精炼，不过想具体了解一下，你在做 Redis 热点缓存策略时，有没有遇到缓存穿透或雪崩的情况，具体是如何解决这些问题的？\", \"timestamp\": \"2026-04-17T17:53:45.924257\"}, {\"role\": \"candidate\", \"content\": \"遇到过缓存穿透、雪崩问题。穿透采用布隆过滤器 + 空值缓存拦截无效 key；雪崩通过随机过期时间 + 互斥锁 + 多级缓存避免同时失效，保证缓存稳定可靠。\", \"timestamp\": \"2026-04-17T17:53:58.554416\"}, {\"role\": \"interviewer\", \"content\": \"这个回答很有条理，特别是提到多级缓存和互斥锁的细节很关键；那在特征工程这块，你是在数据预处理阶段主要用到了哪些 Python 库或者自定义的转换逻辑来优化模型输入的呢？\", \"timestamp\": \"2026-04-17T17:54:04.670147\"}, {\"role\": \"candidate\", \"content\": \"数据预处理主要用Pandas、NumPy做清洗归一化，Sklearn完成缺失值填充、特征编码与标准化。自定义逻辑处理异常值、时序平滑及特征交叉，统一数据分布，提升模型收敛速度与稳定性。\", \"timestamp\": \"2026-04-17T17:54:15.107660\"}, {\"role\": \"interviewer\", \"content\": \"提到特征交叉，如果数据量非常大导致计算耗时，你是如何在工程上优化这部分计算效率的？\", \"timestamp\": \"2026-04-17T17:54:19.719976\"}, {\"role\": \"candidate\", \"content\": \"针对大数据量特征交叉计算慢，我采用分桶离散化 + 稀疏矩阵存储 + 向量化运算 + 多进程并行，减少笛卡尔积膨胀；用轻量级特征筛选保留高信息量交叉，避免全量计算，大幅提升速度。\", \"timestamp\": \"2026-04-17T17:54:30.579432\"}, {\"role\": \"interviewer\", \"content\": \"你对大特征集的处理思路很清晰，那想具体问问，你在模型部署后如果遇到 GPU 显存不足导致推理延迟飙升，通常是怎么排查和优化这个问题的？\", \"timestamp\": \"2026-04-17T17:54:36.179215\"}, {\"role\": \"candidate\", \"content\": \"部署后 GPU 显存不足、推理延迟飙升，我优先定位显存峰值来源，再逐层优化：启用混合精度 FP16、动态 Batch、KV Cache 量化 INT8/4，清理中间张量，拆分模型并行，限制并发，稳定显存占用与推理速度。\", \"timestamp\": \"2026-04-17T17:54:54.415738\"}, {\"role\": \"interviewer\", \"content\": \"你对 GPU 资源的优化策略很全面，那最后一个问题想了解一下架构协同：如果要把这套推理服务部署到 Kubernetes 集群中，你会如何利用 K8s 的机制（如 HPA、Pod Disruption Budget 等）来配合刚才提到的动态 Batch 和并发限制，确保服务在流量波峰时的稳定性和资源利用率？\", \"timestamp\": \"2026-04-17T17:55:02.904672\"}, {\"role\": \"candidate\", \"content\": \"通过HPA 基于 GPU 利用率 + 队列延迟自动扩缩容，配合Pod 调度亲和性独占 GPU 卡；用PodDisruptionBudget保证最小在线实例，避免滚动更新雪崩；资源配额 + LimitRange严格限制单 Pod 显存与并发，动态 Batch 自适应调节吞吐量；结合节点亲和、拓扑分布约束打散 Pod，防止单点故障，实现高并发下低延迟、高利用率、零雪崩的稳定推理服务。\", \"timestamp\": \"2026-04-17T17:55:23.971836\"}, {\"role\": \"interviewer\", \"content\": \"你对 K8s 资源治理和弹性策略的回答非常专业，涵盖了 HPA、PDB 甚至节点拓扑，这种将算子与业务指标结合的思路很有深度。考虑到这已经是我们约定的最后一个环节，我想再确认一下，你简历中提到的是 3-5 年工作经验，但系统登记的“工作年限”一栏显示为 3 年，这个细节是否还需要再核对一下？\", \"timestamp\": \"2026-04-17T17:55:33.657572\"}, {\"role\": \"candidate\", \"content\": \"没有\", \"timestamp\": \"2026-04-17T17:55:36.569514\"}, {\"role\": \"interviewer\", \"content\": \"今天的面试就到这里，感谢你的时间，我们会有后续通知。\", \"timestamp\": \"2026-04-17T17:55:36.573901\"}]', '已完成', '2026-04-17 17:53:02', '2026-04-17 17:55:37');
INSERT INTO `interviews` VALUES (79, 1, 1, 1, '对话式-中级', '[{\"role\": \"system\", \"is_ended\": true, \"job_info\": {\"title\": \"AI算法工程师\", \"location\": \"北京\", \"description\": \"1. 负责机器学习、深度学习算法的全流程研发与落地，完成数据预处理、特征工程、模型构建及效果验证，解决项目常规技术难题。\", \"salary_range\": \"20k-35k\", \"required_skills\": \"Python,FastAPI,Django,MySQL,Redis,Docker,Kubernetes\", \"education_required\": \"本科\"}, \"difficulty\": \"中级\", \"candidate_info\": {\"major\": \"计算机科学与技术\", \"skills\": \"Python,FastAPI,MySQL,Redis,Docker\", \"education\": \"本科\", \"real_name\": \"张三\", \"target_job\": \"python工程师\", \"work_experience\": \"3-5年\", \"self_introduction\": \"热爱编程，注重代码质量，善于解决复杂技术问题。具备良好的团队协作能力和学习能力。\", \"experience_summary\": \"3年Python后端开发经验，熟悉微服务架构，有大型项目经验。\"}, \"question_count\": 6}, {\"role\": \"interviewer\", \"content\": \"你好，请开始作答。基于我们岗位对 Python 及后端框架的要求，请简述一下在 FastAPI 和 Django 项目中，你通常如何设计数据库交互层？请结合 Redis 缓存策略和 Docker 容器化部署，说明你如何保证高并发场景下的数据一致性与服务稳定性。\", \"timestamp\": \"2026-04-17T18:03:30.097599\"}, {\"role\": \"candidate\", \"content\": \"我采用**Django ORM+FastSQLAlchemy**设计清晰数据层，**读写分离+事务保证一致性**，Redis做**缓存更新+过期策略**，通过**Docker+Compose**容器化部署，实现服务隔离与高可用。\", \"timestamp\": \"2026-04-17T18:03:55.650517\"}, {\"role\": \"interviewer\", \"content\": \"这个回答很全面，能展开讲讲你提到的“读写分离”在具体项目中是如何实现的吗？比如主从切换和延迟一致性你是怎么处理的？\", \"timestamp\": \"2026-04-17T18:04:01.488476\"}, {\"role\": \"candidate\", \"content\": \"项目采用一主多从 MySQL 架构，主库写入、从库查询。通过中间件路由 SQL实现自动读写分离，主从延迟用缓存双写 + 关键读强制走主库保证一致性，故障时手动切换主从。\", \"timestamp\": \"2026-04-17T18:04:11.686940\"}, {\"role\": \"interviewer\", \"content\": \"这个手动切换主从的方式在实战中风险不小，那你之前有没有遇到过主从切换期间的数据丢失或服务中断情况，当时是怎么处理应急的？\", \"timestamp\": \"2026-04-17T18:04:17.086195\"}, {\"role\": \"candidate\", \"content\": \"遇到过主库宕机、主从延迟导致切换丢数据的情况。应急时先切流量到只读从库，禁止写入；通过GTID 定位同步位点，补齐缺失数据；再提升新主库、恢复写入，并用哨兵 + 自动切换替代手动，避免人为失误。\", \"timestamp\": \"2026-04-17T18:04:29.852752\"}, {\"role\": \"interviewer\", \"content\": \"这个回答很成熟，能再补充一下在容器化环境中，你是如何监控并处理这种 GTID 数据补齐过程的吗？\", \"timestamp\": \"2026-04-17T18:04:34.826351\"}, {\"role\": \"candidate\", \"content\": \"在 K8s 容器环境中，通过Prometheus 监控 GTID 偏移量，实时告警主从差距。使用pt-heartbeat 校验一致性，容器内执行GTID 自动补齐脚本，确保数据无损切换，保障集群高可用。\", \"timestamp\": \"2026-04-17T18:04:46.560382\"}, {\"role\": \"interviewer\", \"content\": \"你对 Prometheus 监控和自动脚本处理细节的描述很到位，不过想再深入一下：在微服务架构下，如果多个服务实例同时调用 FastAPI 接口并发访问同一个 Redis 键，你是如何设计具体的缓存失效或更新策略来防止缓存穿透或雪崩的？\", \"timestamp\": \"2026-04-17T18:04:55.403937\"}, {\"role\": \"candidate\", \"content\": \"微服务多实例并发访问同一 Redis 键时，采用分布式锁 + 过期随机偏移 + 热点 key 分级 + 空值缓存策略。更新时用Redisson 锁保证单线程写，过期加10~30s 随机值防雪崩，不存在 key 缓存空对象 5s防穿透，热点 key 做本地缓存 + 主动预热，彻底避免并发击穿与雪崩。\", \"timestamp\": \"2026-04-17T18:05:25.992038\"}, {\"role\": \"interviewer\", \"content\": \"你对分布式锁和预热策略掌握得很扎实，那在 FastAPI 这种异步框架下，你是如何避免阻塞主线程来执行 Redisson 锁获取操作，从而防止影响整体响应速度的？\", \"timestamp\": \"2026-04-17T18:05:32.486397\"}, {\"role\": \"candidate\", \"content\": \"在 FastAPI 异步环境中，不使用同步 Redisson，改用aioredis实现纯异步分布式锁。所有锁操作均为async/await非阻塞调用，不占用事件循环主线程，结合异步预热、批量预加载，保证高并发下低延迟。\", \"timestamp\": \"2026-04-17T18:06:55.340884\"}, {\"role\": \"interviewer\", \"content\": \"这个回答非常扎实，用到了 `aioredis` 和事件循环优化确实很关键；结合你简历中提到的微服务架构，想追问一下：在高并发场景下，如果某个微服务实例挂了，你的 Docker 自动重启或 K8s 健康检查机制是如何配合缓存预热策略，确保服务恢复后能快速处理请求的？\", \"timestamp\": \"2026-04-17T18:07:04.133830\"}, {\"role\": \"candidate\", \"content\": \"K8s 通过就绪探针 + 存活探针控制流量接入，服务启动后不立即接收流量，先异步执行多级缓存预热；预热完成才标记 Ready，重启后无冷启动、无击穿，流量平稳承接。\", \"timestamp\": \"2026-04-17T18:07:20.003877\"}, {\"role\": \"interviewer\", \"content\": \"今天的面试就到这里，感谢你的时间，我们会有后续通知。\", \"timestamp\": \"2026-04-17T18:07:20.005786\"}]', '已完成', '2026-04-17 18:03:12', '2026-04-17 18:07:20');
INSERT INTO `interviews` VALUES (80, 1, 4, 21, '对话式-中级', '[{\"role\": \"system\", \"is_ended\": true, \"job_info\": {\"title\": \"Go后端开发工程师\", \"location\": \"北京\", \"description\": \"负责云原生平台的研发，使用Go语言开发高性能微服务。\", \"salary_range\": \"22k-40k\", \"required_skills\": \"Go,Kubernetes,Docker,gRPC,Etcd,Redis\", \"education_required\": \"本科\"}, \"difficulty\": \"中级\", \"candidate_info\": {\"major\": \"计算机科学与技术\", \"skills\": \"Python,FastAPI,MySQL,Redis,Docker\", \"education\": \"本科\", \"real_name\": \"张三\", \"target_job\": \"python工程师\", \"work_experience\": \"3-5年\", \"self_introduction\": \"热爱编程，注重代码质量，善于解决复杂技术问题。具备良好的团队协作能力和学习能力。\", \"experience_summary\": \"3年Python后端开发经验，熟悉微服务架构，有大型项目经验。\"}, \"question_count\": 6}, {\"role\": \"interviewer\", \"content\": \"你好，欢迎参加面试。针对你的 Go 后端开发经验，我们首先讨论一下分布式系统的一致性：在利用 etcd 实现配置中心或锁服务时，如果集群出现网络分区导致 Leader 切换，你如何保证客户端在 Leader 选举完成前不会误操作，以及如何优雅地处理客户端与已失效旧 Leader 的连接？\", \"timestamp\": \"2026-04-17T18:19:50.137650\"}, {\"role\": \"candidate\", \"content\": \"基于 etcd Raft 协议，客户端监听 Leader 变化与集群健康状态，发现旧 Leader 失联立即断开无效连接，选举期间拒绝写入、只读降级或排队重试，通过lease 续约 + revision 校验确保强一致性，避免脑裂误操作。\", \"timestamp\": \"2026-04-17T18:20:53.508948\"}, {\"role\": \"interviewer\", \"content\": \"回答得很扎实，既然你对 etcd 的机制这么熟悉，那我们换个场景聊聊高并发：在云原生微服务中，如果用 gRPC + Redis 做缓存，你通常怎么解决缓存穿透和雪崩问题？\", \"timestamp\": \"2026-04-17T18:21:00.390285\"}, {\"role\": \"candidate\", \"content\": \"在 gRPC 微服务中，采用布隆过滤器预热有效 key拦截无效请求防穿透；Redis 设置随机过期 + 热点本地缓存，gRPC 启用限流、熔断、重试隔离，避免缓存雪崩，保证服务稳定。\", \"timestamp\": \"2026-04-17T18:21:16.669712\"}, {\"role\": \"interviewer\", \"content\": \"缓存失效时的降级策略你提到过，那在实际的高可用场景中，如果 Redis 集群主从切换导致部分旧连接失效，gRPC 层该如何感知并平滑过渡，避免突发大量重试击穿后端？\", \"timestamp\": \"2026-04-17T18:21:22.852043\"}, {\"role\": \"candidate\", \"content\": \"通过 Redis 连接池监听主从切换事件，主动失效旧连接并重建；gRPC 启用连接熔断、指数退避重试、请求限流，切换期降级只读，避免风暴击穿 DB。\", \"timestamp\": \"2026-04-17T18:22:00.751418\"}, {\"role\": \"interviewer\", \"content\": \"连接池切换时的主动失效处理很有必要，那想再问个实际痛点：在生产环境中，如果某个微服务频繁触发 gRPC 重试风暴导致整个集群雪崩，你会如何从架构层面设计兜底机制来保护下游服务？\", \"timestamp\": \"2026-04-17T18:22:07.497779\"}, {\"role\": \"candidate\", \"content\": \"架构上采用gRPC 重试熔断 + 令牌限流 + 指数退避 + 重试熔断阈值，超过阈值彻底禁止重试，配合服务降级、请求排队、熔断器全开，从源头阻断重试风暴，彻底保护下游不被雪崩打垮。\", \"timestamp\": \"2026-04-17T18:22:23.070462\"}, {\"role\": \"interviewer\", \"content\": \"你对 gRPC 重试风暴的架构兜底思路很成熟，不过想确认下你简历上标注的技能标签里有 Python 和 FastAPI，但岗位更侧重 Go，你之前做的主要是 Python 项目，如果让你从 Python 团队转岗做云原生平台的高性能 Go 微服务，你觉得自己最大的技术栈迁移挑战是什么？\", \"timestamp\": \"2026-04-17T18:22:31.529352\"}, {\"role\": \"candidate\", \"content\": \"最大挑战在于Python 动态类型与 Go 强静态类型差异，以及协程模型、内存管理、接口设计的思维转变。需适应编译期约束、显式错误处理、无依赖注入、高性能并发模式，快速补齐云原生生态与工程规范。\", \"timestamp\": \"2026-04-17T18:22:48.479948\"}, {\"role\": \"interviewer\", \"content\": \"从 Python 转到 Go 时，除了语言机制的差异，你觉得在云原生环境下（比如 K8s 部署或 CI/CD 流程），两种技术栈的开发体验和运维规范会有什么不同吗？\", \"timestamp\": \"2026-04-17T18:22:54.962105\"}, {\"role\": \"candidate\", \"content\": \"Python 转 Go，云原生下 Go 编译为单二进制包，部署轻量无依赖，K8s 镜像更小启动更快；CI/CD 更简单。Python 需管理虚拟环境、依赖与运行时，镜像大、冷启动慢，运维依赖管控更繁琐。\", \"timestamp\": \"2026-04-17T21:56:59.383097\"}, {\"role\": \"interviewer\", \"content\": \"Go 这种“编译一次，到处运行”和镜像极简的优势在容器化运维里确实很明显，那在 Go 里，面对高并发场景，你会更倾向于使用 `goroutine` + `channel` 这种原生并发模型，还是像 Python 那样更依赖第三方库来实现异步？\", \"timestamp\": \"2026-04-17T21:57:18.311754\"}, {\"role\": \"candidate\", \"content\": \"在 Go 里毫无疑问优先 goroutine + channel，这是语言级原生设计，根本不需要像 Python 那样重度依赖第三方库。\\ngoroutine 极轻量（KB 级），高并发下可轻松启动百万级，OS 线程开销完全扛不住\\nchannel 内置同步安全，直接避免竞态、死锁手写复杂锁逻辑\\n标准库 sync、context 配套完善，超时、取消、限流都原生支持\\n不像 Python 受 GIL 限制、靠 asyncio/gevent 等库绕路，并发模型更干净可靠\\n简单说：Go 并发是语言本身，Python 异步是库层补丁。高并发场景下，goroutine + channel 就是最地道、性能与工程性最优的方案。\", \"timestamp\": \"2026-04-17T21:57:45.398515\"}, {\"role\": \"interviewer\", \"content\": \"今天的面试就到这里，感谢你的时间，我们会有后续通知。\", \"timestamp\": \"2026-04-17T21:57:45.403715\"}]', '已完成', '2026-04-17 18:19:33', '2026-04-17 21:57:45');
INSERT INTO `interviews` VALUES (81, 1, 1, 1, '对话式-中级', '[{\"role\": \"system\", \"is_ended\": true, \"job_info\": {\"title\": \"AI算法工程师\", \"location\": \"北京\", \"description\": \"1. 负责机器学习、深度学习算法的全流程研发与落地，完成数据预处理、特征工程、模型构建及效果验证，解决项目常规技术难题。\", \"salary_range\": \"20k-35k\", \"required_skills\": \"Python,FastAPI,Django,MySQL,Redis,Docker,Kubernetes\", \"education_required\": \"本科\"}, \"difficulty\": \"中级\", \"candidate_info\": {\"major\": \"计算机科学与技术\", \"skills\": \"Python,FastAPI,MySQL,Redis,Docker\", \"education\": \"本科\", \"real_name\": \"张三\", \"target_job\": \"python工程师\", \"work_experience\": \"3-5年\", \"self_introduction\": \"热爱编程，注重代码质量，善于解决复杂技术问题。具备良好的团队协作能力和学习能力。\", \"experience_summary\": \"3年Python后端开发经验，熟悉微服务架构，有大型项目经验。\"}, \"question_count\": 6}, {\"role\": \"interviewer\", \"content\": \"你好，欢迎参加面试。请问你在过去的项目中，如何结合 FastAPI 的高性能特性与 Redis 的缓存机制来优化微服务接口响应速度，以应对高并发场景？\", \"timestamp\": \"2026-04-17T22:04:53.619311\"}, {\"role\": \"candidate\", \"content\": \"在项目中用FastAPI异步特性处理高并发请求，结合Redis做热点数据缓存，先查缓存再查数据库，设置合理过期时间，减轻DB压力，大幅提升接口响应与吞吐能力。\", \"timestamp\": \"2026-04-17T22:05:25.145355\"}, {\"role\": \"interviewer\", \"content\": \"这个回答很清晰，能再具体讲讲你是如何设计 Redis 缓存策略和过期时间机制的，以避免缓存击穿或雪崩的情况吗？\", \"timestamp\": \"2026-04-17T22:05:30.897828\"}, {\"role\": \"candidate\", \"content\": \"面试就到这里\", \"timestamp\": \"2026-04-17T22:05:41.652125\"}, {\"role\": \"interviewer\", \"content\": \"你直接结束了面试？是因为觉得关于缓存策略这部分已经解释得足够清晰，不需要我再深入追问了，还是对这个 AI 算法工程师的岗位不太感兴趣了呢？\", \"timestamp\": \"2026-04-17T22:05:46.986469\"}, {\"role\": \"candidate\", \"content\": \"热点数据设随机过期时间防雪崩，用互斥锁重建缓存防击穿，非热点数据短过期 + 布隆过滤防穿透，核心数据加缓存预热与降级兜底。\", \"timestamp\": \"2026-04-17T22:06:06.931263\"}, {\"role\": \"interviewer\", \"content\": \"你的缓存策略讲得很专业，不过看你的简历主要侧重 Python 后端，对于 AI 算法工程师这个岗位，你觉得之前做的那些模型训练或优化工作中，有没有遇到类似通过工程手段（比如用 FastAPI/Docker）来加速模型推理或数据加载的案例？\", \"timestamp\": \"2026-04-17T22:06:14.323620\"}, {\"role\": \"candidate\", \"content\": \"我虽工程经验丰富，但擅长用工程思路优化模型推理与训练效率，能快速落地服务，兼顾算法与工程，更适配业务落地需求。\", \"timestamp\": \"2026-04-18T00:22:36.847625\"}, {\"role\": \"interviewer\", \"content\": \"结合你刚才提到的“兼顾算法与工程”，能具体分享一个你用 FastAPI 或 Docker 优化模型推理效率的实战案例吗？比如是如何处理数据加载和模型推理流程的？\", \"timestamp\": \"2026-04-18T00:22:54.521842\"}, {\"role\": \"candidate\", \"content\": \"我用FastAPI搭建模型推理服务，通过异步处理与批量请求聚合，搭配Docker容器化部署，优化数据加载与推理流程，显著提升并发性能与部署效率。\", \"timestamp\": \"2026-04-18T00:23:35.218671\"}, {\"role\": \"interviewer\", \"content\": \"这个回答很简洁有力，既然你提到兼顾了算法与工程，能否再具体说说在 Docker 容器化部署模型服务时，你有没有遇到过性能瓶颈或资源调度问题，比如 CPU/GPU 隔离或显存管理，是如何解决的？\", \"timestamp\": \"2026-04-18T00:23:42.154989\"}, {\"role\": \"candidate\", \"content\": \"曾遇Docker部署时显存溢出、CPU调度不均问题，通过限制容器资源配额、优化推理批处理与显存释放，保障服务稳定高效运行。\", \"timestamp\": \"2026-04-18T00:23:57.630584\"}, {\"role\": \"interviewer\", \"content\": \"你的显存优化思路很清晰，那在模型训练阶段，当面对显存不足或训练效率不高的情况时，你是如何通过代码层面的技术调整（比如梯度累积、混合精度训练等）来平衡速度与显存占用的？\", \"timestamp\": \"2026-04-18T00:24:04.699812\"}, {\"role\": \"candidate\", \"content\": \"训练时我用梯度累积累积多步梯度再更新，配合自动混合精度降低显存占用，同时调整batch与数据加载策略，平衡速度与显存。\", \"timestamp\": \"2026-04-18T00:24:36.600574\"}, {\"role\": \"interviewer\", \"content\": \"今天的面试就到这里，感谢你的时间，我们会有后续通知。\", \"timestamp\": \"2026-04-18T00:24:36.604819\"}]', '已完成', '2026-04-17 22:04:37', '2026-04-18 00:24:37');
INSERT INTO `interviews` VALUES (83, 1, 2, 20, '对话式-中级', '[{\"role\": \"system\", \"is_ended\": true, \"job_info\": {\"title\": \"前端开发工程师\", \"location\": \"北京\", \"description\": \"负责公司Web应用的前端开发，与设计师和后端工程师协作，打造优秀的用户体验。\", \"salary_range\": \"18k-30k\", \"required_skills\": \"Vue.js,React,TypeScript,Webpack,Element UI\", \"education_required\": \"本科\"}, \"difficulty\": \"中级\", \"candidate_info\": {\"major\": \"计算机科学与技术\", \"skills\": \"Python,FastAPI,MySQL,Redis,Docker\", \"education\": \"本科\", \"real_name\": \"张三\", \"target_job\": \"python工程师\", \"work_experience\": \"3-5年\", \"self_introduction\": \"热爱编程，注重代码质量，善于解决复杂技术问题。具备良好的团队协作能力和学习能力。\", \"experience_summary\": \"3年Python后端开发经验，熟悉微服务架构，有大型项目经验。\"}, \"question_count\": 6}, {\"role\": \"interviewer\", \"content\": \"你好，我们直接开始。在 Vue 和 React 的生态中，你更倾向于使用哪种方案？结合 Element UI 组件库，你认为它如何体现你对设计模式（如组合式 API vs Hooks）的理解？请具体谈谈一个你使用 TypeScript 重构过的、涉及 Element UI 组件的实际项目案例。\", \"timestamp\": \"2026-04-18T00:43:31.412486\"}, {\"role\": \"candidate\", \"content\": \"更倾向 Vue 生态，搭配 Element UI 契合组合式 API 思想。用 TS 重构表单模块，拆分逻辑为 hooks，类型约束组件 props 与校验规则，代码更健壮易维护。\", \"timestamp\": \"2026-04-18T00:46:29.599927\"}, {\"role\": \"interviewer\", \"content\": \"这个思路很清晰，能具体讲讲你在 TypeScript 重构中，是如何处理 Element UI 组件默认 props 的类型定义或事件回调，以解决跨类型兼容问题的吗？\", \"timestamp\": \"2026-04-18T00:46:35.973051\"}, {\"role\": \"candidate\", \"content\": \"通过泛型继承 ElForm、ElTable 官方类型，重写部分默认 props，用 ReturnType、Parameters 约束回调，声明全局类型解决跨组件兼容，消除隐式 any 与类型报错。\", \"timestamp\": \"2026-04-18T00:57:27.777770\"}, {\"role\": \"interviewer\", \"content\": \"那你在声明全局类型时，有没有遇到过 Element UI 版本升级导致类型定义冲突的情况？当时是怎么处理的？\", \"timestamp\": \"2026-04-18T00:57:43.432931\"}, {\"role\": \"candidate\", \"content\": \"遇到过版本升级类型冲突，通过指定tsconfig类型引入顺序、局部覆盖冲突类型、锁定@types/element-ui版本，解决兼容问题保证项目正常编译。\", \"timestamp\": \"2026-04-18T00:57:56.461848\"}, {\"role\": \"interviewer\", \"content\": \"回答得很扎实，考虑到你登记的技能标签里主要是 Python 后端，能这样深入 Vue 和 TS 的前端细节，确实很有挑战精神，那你最后是想转岗做前端还是继续做 Python 后端呢？\", \"timestamp\": \"2026-04-18T00:58:02.964697\"}, {\"role\": \"candidate\", \"content\": \"更希望深耕Python后端，同时具备前端能力，做全栈型工程师，高效打通前后端，提升整体项目交付效率与质量。\", \"timestamp\": \"2026-04-18T00:58:15.198917\"}, {\"role\": \"interviewer\", \"content\": \"你的全栈思维很有价值，但在实际协作中，当后端和前端对接口数据结构或错误码定义出现分歧时，你通常是如何通过技术方案来统一双方标准的？\", \"timestamp\": \"2026-04-18T00:58:20.917026\"}, {\"role\": \"candidate\", \"content\": \"我会先梳理双方需求，共同制定接口规范文档，统一字段与错误码，再用工具生成契约，前后端按约定开发，避免反复沟通分歧。\", \"timestamp\": \"2026-04-18T00:58:41.097109\"}, {\"role\": \"interviewer\", \"content\": \"这个契约工具（如 Swagger/OpenAPI）用得真妙，既规范了接口又减少了沟通成本，那如果接口文档还没确定但后端急着要联调，你会怎么利用你的全栈优势在前端做临时适配或占位？\", \"timestamp\": \"2026-04-18T00:58:47.998662\"}, {\"role\": \"candidate\", \"content\": \"我会先用Mock接口模拟返回结构，前端正常开发联调；同时快速写临时接口层做数据适配，不阻塞进度，等接口确定后统一替换。\", \"timestamp\": \"2026-04-18T00:59:26.282083\"}, {\"role\": \"interviewer\", \"content\": \"今天的面试就到这里，感谢你的时间，我们会有后续通知。\", \"timestamp\": \"2026-04-18T00:59:34.015318\"}]', '已完成', '2026-04-18 00:43:13', '2026-04-18 00:59:34');
INSERT INTO `interviews` VALUES (84, 1, 1, 1, '对话式-中级', '[{\"role\": \"system\", \"is_ended\": true, \"job_info\": {\"title\": \"AI算法工程师\", \"location\": \"北京\", \"description\": \"1. 负责机器学习、深度学习算法的全流程研发与落地，完成数据预处理、特征工程、模型构建及效果验证，解决项目常规技术难题。\", \"salary_range\": \"20k-35k\", \"required_skills\": \"Python,FastAPI,Django,MySQL,Redis,Docker,Kubernetes\", \"education_required\": \"本科\"}, \"difficulty\": \"中级\", \"candidate_info\": {\"major\": \"计算机科学与技术\", \"skills\": \"Python,FastAPI,MySQL,Redis,Docker\", \"education\": \"本科\", \"real_name\": \"张三\", \"target_job\": \"python工程师\", \"work_experience\": \"3-5年\", \"self_introduction\": \"热爱编程，注重代码质量，善于解决复杂技术问题。具备良好的团队协作能力和学习能力。\", \"experience_summary\": \"3年Python后端开发经验，熟悉微服务架构，有大型项目经验。\"}, \"question_count\": 6}, {\"role\": \"interviewer\", \"content\": \"你好，我们直接开始技术面试。请结合你过往的经验，描述一下如何在 Python 项目中利用 FastAPI 和 Django 分别处理高并发接口与复杂业务逻辑？如果在微服务架构下，你如何配合 MySQL 和 Redis 进行数据读写分离与缓存设计？\", \"timestamp\": \"2026-04-18T01:02:50.288855\"}, {\"role\": \"candidate\", \"content\": \"FastAPI处理高并发接口，Django负责复杂业务逻辑；微服务中MySQL主从读写分离，Redis做热点缓存与分布式锁，提升性能与一致性。\", \"timestamp\": \"2026-04-18T01:03:08.775212\"}, {\"role\": \"interviewer\", \"content\": \"回答得挺清晰，能看出你对整体架构有概念，不过想深入听听具体落地细节：在高并发场景下，你们是如何处理 MySQL 主从同步延迟带来的数据一致性问题，以及在 Redis 中是如何处理缓存穿透或雪崩的？有没有具体的策略或工具？\", \"timestamp\": \"2026-04-18T01:03:16.666205\"}, {\"role\": \"candidate\", \"content\": \"主从延迟用读写分离路由+关键强读主库，缓存雪崩设随机TTL+多级缓存，穿透用布隆过滤器+空值缓存，兜底熔断限流保障稳定。\", \"timestamp\": \"2026-04-18T01:04:59.148904\"}, {\"role\": \"interviewer\", \"content\": \"这些策略很常见，那你能具体讲讲，在你的实际项目中，布隆过滤器是选用哪种数据结构实现的，又是怎么处理“误删”或“误放”这两种边界情况的？\", \"timestamp\": \"2026-04-18T01:05:04.867888\"}, {\"role\": \"candidate\", \"content\": \"项目中用Redis BitMap实现布隆过滤器，误判通过扩容哈希函数降低，删除采用计数布隆过滤器，不存在则缓存空值并设短过期避免误放。\", \"timestamp\": \"2026-04-18T01:05:21.315048\"}, {\"role\": \"interviewer\", \"content\": \"这个用 Redis BitMap 的方案挺有意思，但在高并发写入场景下 BitMap 的扩容成本会不会有点高，如果数据量持续上涨，你是如何权衡这个方案的利弊的？\", \"timestamp\": \"2026-04-18T01:05:27.306575\"}, {\"role\": \"candidate\", \"content\": \"高并发下提前预分配bitmap空间，写入分批批量setbit，数据超阈值则拆分多key分片存储，定期清理冷数据，平衡性能与内存开销。\", \"timestamp\": \"2026-04-18T01:05:44.417424\"}, {\"role\": \"interviewer\", \"content\": \"BitMap 分片确实是常见做法，但如果在高并发写入时频繁触发分片迁移，对 Redis 集群的稳定性冲击很大，你平时有没有遇到过这种情况，又是怎么平滑处理数据迁移的？\", \"timestamp\": \"2026-04-18T01:05:50.859621\"}, {\"role\": \"candidate\", \"content\": \"提前规划分片容量，按固定范围预分片避免动态迁移；写入双写新旧分片，读切新分片后下线旧分片，平滑迁移无冲击。\", \"timestamp\": \"2026-04-18T01:10:41.057106\"}, {\"role\": \"interviewer\", \"content\": \"既然平滑迁移方案已经这么完善了，那咱们换个话题，你简历里提到有大型项目经验，能结合你熟悉的 Python 和 FastAPI，简单聊聊在微服务架构下，你是如何通过 Docker 和 Kubernetes 来保障这些服务的弹性伸缩和故障自动恢复的吗？\", \"timestamp\": \"2026-04-18T01:10:48.754973\"}, {\"role\": \"candidate\", \"content\": \"基于FastAPI微服务，Docker打包镜像保证环境一致，K8s通过HPA实现流量弹性伸缩，配置健康检查与自愈策略，故障时自动重启、重建Pod，保障服务高可用。\", \"timestamp\": \"2026-04-18T01:10:59.316394\"}, {\"role\": \"interviewer\", \"content\": \"这个回答很标准，不过想结合实际场景问问：如果 K8s 自动重启 Pod 后发现新实例无法连接数据库，你是怎么快速定位是网络问题还是应用启动配置有误的？\\n\\n今天的面试就到这里，感谢你的时间，我们会有后续通知。\", \"timestamp\": \"2026-04-18T01:11:05.676021\"}]', '已完成', '2026-04-18 01:02:43', '2026-04-18 01:11:06');
INSERT INTO `interviews` VALUES (85, 1, 1, 1, '对话式-中级', '[{\"role\": \"system\", \"is_ended\": true, \"job_info\": {\"title\": \"AI算法工程师\", \"location\": \"北京\", \"description\": \"1. 负责机器学习、深度学习算法的全流程研发与落地，完成数据预处理、特征工程、模型构建及效果验证，解决项目常规技术难题。\", \"salary_range\": \"20k-35k\", \"required_skills\": \"Python,FastAPI,Django,MySQL,Redis,Docker,Kubernetes\", \"education_required\": \"本科\"}, \"difficulty\": \"中级\", \"candidate_info\": {\"major\": \"计算机科学与技术\", \"skills\": \"Python,FastAPI,MySQL,Redis,Docker\", \"education\": \"本科\", \"real_name\": \"张三\", \"target_job\": \"python工程师\", \"work_experience\": \"3-5年\", \"self_introduction\": \"热爱编程，注重代码质量，善于解决复杂技术问题。具备良好的团队协作能力和学习能力。\", \"experience_summary\": \"3年Python后端开发经验，熟悉微服务架构，有大型项目经验。\"}, \"question_count\": 6}, {\"role\": \"interviewer\", \"content\": \"你好，请开始你的回答：请结合 FastAPI 和 Django 的项目经验，描述一下在 Python 项目中如何利用 Redis 缓存机制来优化 MySQL 数据库查询，特别是在高并发场景下（如 Kubernetes 部署环境）你是如何平衡缓存一致性与数据持久性的？\", \"timestamp\": \"2026-04-18T01:15:59.194417\"}, {\"role\": \"candidate\", \"content\": \"结合 FastAPI 与 Django，高频查询先读 Redis 缓存，失效则批量查 MySQL 回写缓存；K8s 环境采用延时双删 + 分布式锁，兼顾性能与数据一致性。\", \"timestamp\": \"2026-04-18T01:19:17.607868\"}, {\"role\": \"interviewer\", \"content\": \"双删和分布式锁在 K8s 环境下确实很经典，那你具体是用 Redis 的 Lua 脚本还是 Redisson 来实现这个分布式锁的呢？\", \"timestamp\": \"2026-04-18T01:19:23.610223\"}, {\"role\": \"candidate\", \"content\": \"实际项目里优先用**Redisson**，可重入锁、超时续约、锁释放都封装好，比手写Lua更稳更少bug；简单场景也会用Lua保证原子性，适配K8s多实例部署。\", \"timestamp\": \"2026-04-18T01:20:05.841133\"}, {\"role\": \"interviewer\", \"content\": \"选 Redisson 是个很稳妥的决策，那在 Python 中你是怎么封装这些锁操作的，有没有遇到过死锁或者性能瓶颈的情况？\", \"timestamp\": \"2026-04-18T01:20:10.991655\"}, {\"role\": \"candidate\", \"content\": \"Python中借助redis-py封装分布式锁，加锁设超时+看门狗续约，解锁用Lua保证原子性。曾遇锁超时死锁，优化续约逻辑；高并发下瓶颈通过分段锁、减少锁粒度解决。\", \"timestamp\": \"2026-04-18T01:20:19.154832\"}, {\"role\": \"interviewer\", \"content\": \"你的封装和性能优化方案很扎实，那在微服务架构下，你平时是如何利用 Redis 订阅消息机制来实现各服务间的异步解耦和流量削峰的？\", \"timestamp\": \"2026-04-18T01:20:24.756214\"}, {\"role\": \"candidate\", \"content\": \"微服务中用Redis发布订阅做异步通知，服务按主题订阅，非核心逻辑异步处理削峰；配合持久化队列防止消息丢失，实现服务解耦与流量缓冲。\", \"timestamp\": \"2026-04-18T01:20:32.004231\"}, {\"role\": \"interviewer\", \"content\": \"在 Redis 订阅场景下，如果发布的服务出现异常重启导致消费者未响应，你会采用什么机制来保证消息最终被消费，或者如何处理这些“死信”消息？\", \"timestamp\": \"2026-04-18T01:20:37.902791\"}, {\"role\": \"candidate\", \"content\": \"改用Redis Stream替代PubSub，设置消息ID与ACK确认，消费失败转入死信队列，定时重试并告警，确保异常重启后消息不丢失、最终可消费。\", \"timestamp\": \"2026-04-18T01:20:46.989253\"}, {\"role\": \"interviewer\", \"content\": \"从 Redis Stream 到死信队列的处理逻辑很清晰了，那如果业务方对消息实时性要求极高，比如订单状态同步，你如何在 Redis 和消息中间件（如 Kafka/RabbitMQ）之间做选型和性能权衡的？\", \"timestamp\": \"2026-04-18T01:20:54.151147\"}, {\"role\": \"candidate\", \"content\": \"对实时性极高的订单同步，Redis Stream低延迟更优；吞吐量与堆积能力弱于Kafka。小体量选Redis，海量消息、需持久回溯则用Kafka，关键链路双写兜底保证可靠。\", \"timestamp\": \"2026-04-18T01:21:01.592915\"}, {\"role\": \"interviewer\", \"content\": \"对 Redis 选型和中间件对比的权衡非常到位，那结合你之前提到的微服务和高并发场景，如果让你重新设计一个 AI 推理服务的接口，你会如何运用 FastAPI 和这些缓存/锁机制来保证模型输出的高可用性和低延迟？\\n\\n今天的面试就到这里，感谢你的时间，我们会有后续通知。\", \"timestamp\": \"2026-04-18T01:21:09.394129\"}]', '已完成', '2026-04-18 01:15:51', '2026-04-18 01:21:09');
INSERT INTO `interviews` VALUES (86, 1, 1, 1, '对话式-中级', '[{\"role\": \"system\", \"is_ended\": true, \"job_info\": {\"title\": \"AI算法工程师\", \"location\": \"北京\", \"description\": \"1. 负责机器学习、深度学习算法的全流程研发与落地，完成数据预处理、特征工程、模型构建及效果验证，解决项目常规技术难题。\", \"salary_range\": \"20k-35k\", \"required_skills\": \"Python,FastAPI,Django,MySQL,Redis,Docker,Kubernetes\", \"education_required\": \"本科\"}, \"difficulty\": \"中级\", \"candidate_info\": {\"major\": \"计算机科学与技术\", \"skills\": \"Python,FastAPI,MySQL,Redis,Docker\", \"education\": \"本科\", \"real_name\": \"张三\", \"target_job\": \"python工程师\", \"work_experience\": \"3-5年\", \"self_introduction\": \"热爱编程，注重代码质量，善于解决复杂技术问题。具备良好的团队协作能力和学习能力。\", \"experience_summary\": \"3年Python后端开发经验，熟悉微服务架构，有大型项目经验。\"}, \"question_count\": 6}, {\"role\": \"interviewer\", \"content\": \"你好，我们直接进入技术环节。第一个问题：请简述在微服务架构下，如何利用 Python + FastAPI 构建后端服务，并结合 Redis 与 Docker 优化 API 响应速度，简述其中涉及的关键架构设计。\", \"timestamp\": \"2026-04-18T01:31:26.468443\"}, {\"role\": \"candidate\", \"content\": \"基于Python+FastAPI搭建微服务，接口异步化提升并发；Redis做热点数据缓存与分布式锁；Docker容器化统一环境，实现快速部署与弹性扩缩，降低响应延迟。\", \"timestamp\": \"2026-04-18T01:32:11.197780\"}, {\"role\": \"interviewer\", \"content\": \"回答得挺全面，但在实际项目中，如果 Redis 缓存穿透或者数据库负载过高导致连接池耗尽，你是通过什么具体的兜底策略来保障服务不崩溃的？\", \"timestamp\": \"2026-04-18T01:32:17.444776\"}, {\"role\": \"candidate\", \"content\": \"针对缓存穿透与数据库连接池耗尽，我采用**布隆过滤器拦截非法请求+空值缓存防穿透**，配合**接口限流熔断、连接池监控告警、降级只读兜底**，核心链路快速失败，保障服务不雪崩。\", \"timestamp\": \"2026-04-18T01:32:57.570963\"}, {\"role\": \"interviewer\", \"content\": \"这个回答非常到位，特别是在降级只读策略上的考虑很实用；那我再深入一点，在 FastAPI 实现接口异步化时，你是如何具体管理并发任务并防止长时间运行的任务阻塞事件循环的？\", \"timestamp\": \"2026-04-18T01:33:03.641196\"}, {\"role\": \"candidate\", \"content\": \"采用线程池隔离同步阻塞操作，Semaphore控并发量，为长任务设超时强制中断；耗时任务移交Redis Stream异步处理，避免占用请求链路阻塞事件循环。\", \"timestamp\": \"2026-04-18T01:33:33.353004\"}, {\"role\": \"interviewer\", \"content\": \"你提到的把长任务移交 Redis Stream 异步处理很有见地，不过在 FastAPI 内部，你具体是怎么定义和调度这些异步任务的？是用官方的 `BackgroundTasks`、Celery 还是其他方案来确保任务最终执行的？\", \"timestamp\": \"2026-04-18T01:33:39.992643\"}, {\"role\": \"candidate\", \"content\": \"FastAPI中弃用BackgroundTasks，改用Redis Stream持久化任务，搭配独立消费进程调度；通过ACK机制确保不丢失，失败自动重试，比Celery更轻量稳定。\", \"timestamp\": \"2026-04-18T01:33:57.746239\"}, {\"role\": \"interviewer\", \"content\": \"你这套\\\"Redis Stream 替代 Celery\\\"的方案确实很轻量，那在实际高并发场景下，如果消费者进程处理慢导致消息堆积，你们是怎么保证数据不丢失且又能及时处理的？\", \"timestamp\": \"2026-04-18T01:34:03.864143\"}, {\"role\": \"candidate\", \"content\": \"高并发堆积时，按业务分片多开消费者并行消费，设置pending监控与死信队列；消息持久化+ACK机制确保不丢，堆积超阈值自动扩容，保障及时处理。\", \"timestamp\": \"2026-04-18T01:34:17.657656\"}, {\"role\": \"interviewer\", \"content\": \"你的架构思路很清晰，不过我想再确认一下细节：在刚才提到的“死信队列”场景下，对于那些因为重试多次依然处理失败的异常消息，你们通常是如何进行异常监控和人工介入兜底的？\", \"timestamp\": \"2026-04-18T01:34:24.574861\"}, {\"role\": \"candidate\", \"content\": \"死信消息自动标记异常原因，定时落库归档并触发告警；后台提供查询重放界面，支持人工核查后批量重试，确保数据不丢失且可追溯。\", \"timestamp\": \"2026-04-18T01:34:47.966556\"}, {\"role\": \"interviewer\", \"content\": \"这个归档和重放机制确实完善了异常处理的闭环，结合你之前的降级策略，整个系统的鲁棒性看起来很强。考虑到岗位描述里也提到了“模型构建及效果验证”，除了后端服务的高可用，我想了解一下：在你之前处理过的业务项目中，是否涉及过通过 Python 模型调优来直接提升 API 接口响应速度的场景？\", \"timestamp\": \"2026-04-18T01:34:56.929033\"}, {\"role\": \"candidate\", \"content\": \"参与过推荐接口优化，用Python对轻量排序模型剪枝量化，替换复杂推理逻辑，结合缓存预处理特征，接口时延显著下降，吞吐大幅提升。\", \"timestamp\": \"2026-04-18T01:35:26.007741\"}, {\"role\": \"interviewer\", \"content\": \"今天的面试就到这里，感谢你的时间，我们会有后续通知。\", \"timestamp\": \"2026-04-18T01:35:26.009861\"}]', '已完成', '2026-04-18 01:31:10', '2026-04-18 01:35:26');
INSERT INTO `interviews` VALUES (87, 1, 3, 5, '对话式-中级', '[{\"role\": \"system\", \"is_ended\": false, \"job_info\": {\"title\": \"全栈开发工程师\", \"location\": \"北京\", \"description\": \"独立负责项目的前后端开发，参与产品需求讨论和技术方案设计。\", \"salary_range\": \"25k-40k\", \"required_skills\": \"Python,JavaScript,Vue.js,FastAPI,MySQL,Redis\", \"education_required\": \"本科\"}, \"difficulty\": \"中级\", \"candidate_info\": {\"major\": \"计算机科学与技术\", \"skills\": \"Python,FastAPI,MySQL,Redis,Docker\", \"education\": \"本科\", \"real_name\": \"张三\", \"target_job\": \"python工程师\", \"work_experience\": \"3-5年\", \"self_introduction\": \"热爱编程，注重代码质量，善于解决复杂技术问题。具备良好的团队协作能力和学习能力。\", \"experience_summary\": \"3年Python后端开发经验，熟悉微服务架构，有大型项目经验。\"}, \"question_count\": 5}, {\"role\": \"interviewer\", \"content\": \"你好，我们直接开始技术环节。请结合 FastAPI 与 Vue.js 的全栈架构经验，描述一下在实际项目中，你如何通过 Redis 优化数据库查询或解决高并发场景下的性能瓶颈？\", \"timestamp\": \"2026-04-18T01:42:17.982672\"}, {\"role\": \"candidate\", \"content\": \"基于FastAPI+Vue全栈架构，使用Redis缓存高频查询结果，设置合理过期时间，接口优先读缓存；高并发下通过分布式锁防止缓存击穿，大幅减轻MySQL压力。\", \"timestamp\": \"2026-04-18T01:42:35.137196\"}, {\"role\": \"interviewer\", \"content\": \"Redis 缓存策略挺成熟的，具体到缓存击穿时，除了用分布式锁，你有没有考虑过使用互斥锁（Mutex）或者看门狗（Watchdog）这种机制来进一步兜底？\", \"timestamp\": \"2026-04-18T01:42:41.897721\"}, {\"role\": \"candidate\", \"content\": \"缓存击穿采用**互斥锁+看门狗续约**兜底，锁超时自动释放避免死锁，热点Key预加载，并发请求排队获取，既防击穿又保证数据一致性。\", \"timestamp\": \"2026-04-18T01:43:04.248549\"}, {\"role\": \"interviewer\", \"content\": \"缓存热点 Key 预加载这块很有意思，如果是多个并发请求同时发现 Key 不存在并去执行预加载，数据库会不会出现瞬间压力过大？你当时具体是怎么处理这个“雪崩”风险的？\", \"timestamp\": \"2026-04-18T01:43:10.425418\"}, {\"role\": \"candidate\", \"content\": \"采用**分布式锁+单线程预加载**，仅一个请求去查库重建缓存，其余等待；同时加**随机过期+分级预热**，避免同一时间大量Key失效，彻底杜绝数据库雪崩。\", \"timestamp\": \"2026-04-18T01:43:28.288984\"}, {\"role\": \"interviewer\", \"content\": \"你对雪崩风险的分级预热策略很具体，能分享一下你当时是如何定义“分级”维度的？比如是按热点热度还是业务重要性来划分的，有没有遇到过分级策略失效的情况？\", \"timestamp\": \"2026-04-18T01:43:34.221578\"}, {\"role\": \"candidate\", \"content\": \"按**热点热度+业务核心度**双维度分级，高热点核心数据提前预热、错开过期；曾因流量突增致分级失效，后加动态阈值与兜底缓存修复。\", \"timestamp\": \"2026-04-18T01:43:41.168486\"}, {\"role\": \"interviewer\", \"content\": \"动态阈值调整确实很关键，那结合你简历上提到的微服务架构，能聊聊在 FastAPI 处理微服务调用时，如何平衡网络抖动与 Redis 缓存一致性的问题吗？\", \"timestamp\": \"2026-04-18T01:43:47.334391\"}, {\"role\": \"candidate\", \"content\": \"微服务调用通过超时重试与熔断隔离网络抖动，Redis 缓存采用先更新库再延迟删策略，结合版本号校验，兼顾可用性与最终一致性。\", \"timestamp\": \"2026-04-18T01:44:00.070481\"}, {\"role\": \"interviewer\", \"content\": \"你提到的“先更新库再延迟删”策略在 Redis 故障导致删库失败时，如何保证数据绝对不丢失，有没有做过具体的测试验证？\", \"timestamp\": \"2026-04-18T01:44:05.824291\"}]', '进行中', '2026-04-18 01:42:05', NULL);
INSERT INTO `interviews` VALUES (89, 1, 7, NULL, '对话式-中级', '[{\"role\": \"system\", \"is_ended\": true, \"job_info\": {\"title\": \"风控算法工程师\", \"location\": \"上海\", \"description\": \"负责金融风控模型的研发与优化，识别欺诈行为，降低风险。\", \"salary_range\": \"30k-50k\", \"required_skills\": \"Python,机器学习,TensorFlow,SQL,Spark\", \"education_required\": \"本科\"}, \"difficulty\": \"中级\", \"candidate_info\": {\"major\": \"计算机科学与技术\", \"skills\": \"Python,FastAPI,MySQL,Redis,Docker\", \"education\": \"本科\", \"real_name\": \"张三\", \"target_job\": \"python工程师\", \"work_experience\": \"3-5年\", \"self_introduction\": \"热爱编程，注重代码质量，善于解决复杂技术问题。具备良好的团队协作能力和学习能力。\", \"experience_summary\": \"3年Python后端开发经验，熟悉微服务架构，有大型项目经验。\"}, \"question_count\": 6}, {\"role\": \"interviewer\", \"content\": \"你好，我们直接开始。请描述一个你使用 TensorFlow 和 Spark 构建的反欺诈风控模型项目：你如何处理高维稀疏数据特征，又是如何平衡模型的实时推理延迟与检测精度，特别是在流量突增场景下的表现？\", \"timestamp\": \"2026-04-18T01:58:14.870176\"}, {\"role\": \"candidate\", \"content\": \"使用TensorFlow搭建宽深模型，Spark做离线特征工程，处理高维稀疏特征采用嵌入降维与哈希分桶；实时推理用模型量化加速，流量突增时开启熔断降级，保障低延迟与高精度。\", \"timestamp\": \"2026-04-18T01:58:38.420011\"}, {\"role\": \"interviewer\", \"content\": \"回答挺全面，不过能具体讲讲你提到的“哈希分桶”是怎么选桶的大小和策略的，有没有遇到过哈希冲突导致特征丢失的情况吗？\", \"timestamp\": \"2026-04-18T01:58:44.350992\"}, {\"role\": \"candidate\", \"content\": \"哈希分桶按特征基数**1/3~1/5设桶数**，用素数减少冲突；采用**双哈希兜底**，冲突时切换哈希函数，未出现特征丢失，仅极少量碰撞可通过模型自适应抵消。\", \"timestamp\": \"2026-04-18T01:58:57.203553\"}, {\"role\": \"interviewer\", \"content\": \"双哈希兜底是个不错的保底策略，那在流量突增导致 Spark 离线特征计算跟不上实时需求时，你有没有考虑过用 Redis 做预计算或梯度去中心化这类方案来提升特征时效性？\", \"timestamp\": \"2026-04-18T01:59:03.445662\"}, {\"role\": \"candidate\", \"content\": \"针对Redis预计算+梯度轻量化，我设计了**离线Spark批量计算+Redis在线缓存**架构，热点特征预计算落地，实时请求直接命中缓存，缓解流量突增时计算压力，提升特征时效性。\", \"timestamp\": \"2026-04-18T01:59:51.332439\"}, {\"role\": \"interviewer\", \"content\": \"Redis 缓存架构很经典，那在特征更新延迟的场景下，你们是怎么处理“冷启动”阶段 Redis 还没预计算好，模型推理却已经进来的情况呢？\", \"timestamp\": \"2026-04-18T01:59:57.100522\"}, {\"role\": \"candidate\", \"content\": \"冷启动时采用**同步兜底计算+异步回填缓存**，请求实时计算特征并返回，同时异步写入Redis；加分布式锁防重复计算，兼顾低延迟与数据一致性。\", \"timestamp\": \"2026-04-18T02:00:06.224837\"}, {\"role\": \"interviewer\", \"content\": \"同步兜底的逻辑很清晰，那针对你简历中提到的 FastAPI，当模型推理请求并发量突然激增时，你是怎么利用 Redis 的缓存机制配合 FastAPI 的线程模型来防止线程池被打满或发生 OOM 的？\", \"timestamp\": \"2026-04-18T02:00:13.402751\"}, {\"role\": \"candidate\", \"content\": \"推理请求先查Redis缓存，命中直接返回；未命中则用信号量限制并发推理数，多余请求排队，避免线程池耗尽与OOM，保障服务稳定。\", \"timestamp\": \"2026-04-18T02:00:21.804174\"}, {\"role\": \"interviewer\", \"content\": \"你的方案考虑得很周全，不过如果 Redis 缓存命中率在极端流量下突然降到 50% 以下，你当时的降级策略里，除了异步回填，有没有考虑过临时复用最近一版的离线模型结果来支撑服务？\", \"timestamp\": \"2026-04-18T02:00:28.792539\"}, {\"role\": \"candidate\", \"content\": \"本次面试结束，请立即结束\", \"timestamp\": \"2026-04-18T02:00:36.689670\"}, {\"role\": \"interviewer\", \"content\": \"今天的面试就到这里，感谢你的时间，我们会有后续通知。\", \"timestamp\": \"2026-04-18T02:00:36.693294\"}]', '已完成', '2026-04-18 01:58:08', '2026-04-18 02:00:37');
INSERT INTO `interviews` VALUES (90, 1, 6, NULL, '对话式-中级', '[{\"role\": \"system\", \"is_ended\": true, \"job_info\": {\"title\": \"大数据开发工程师\", \"location\": \"上海\", \"description\": \"负责公司数据平台的建设，处理海量数据的采集、存储和分析。\", \"salary_range\": \"25k-45k\", \"required_skills\": \"Hadoop,Spark,Flink,Kafka,HBase,Python\", \"education_required\": \"本科\"}, \"difficulty\": \"中级\", \"candidate_info\": {\"major\": \"计算机科学与技术\", \"skills\": \"Python,FastAPI,MySQL,Redis,Docker\", \"education\": \"本科\", \"real_name\": \"张三\", \"target_job\": \"python工程师\", \"work_experience\": \"3-5年\", \"self_introduction\": \"热爱编程，注重代码质量，善于解决复杂技术问题。具备良好的团队协作能力和学习能力。\", \"experience_summary\": \"3年Python后端开发经验，熟悉微服务架构，有大型项目经验。\"}, \"question_count\": 6}, {\"role\": \"interviewer\", \"content\": \"你好，请开始回答第一个问题：在基于 Hadoop 和 Spark 的大数据架构中，如果面对一个 T 级别的数据集需要计算日均活跃用户（DAU），请详细描述你会如何设计计算任务以最大化利用集群资源，并说明 Spark 在处理此类任务时相对于 MapReduce 的核心性能优势及适用场景。\", \"timestamp\": \"2026-04-18T02:08:07.175511\"}, {\"role\": \"candidate\", \"content\": \"先按日期分区裁剪数据，Spark 并行去重统计 DAU，开启广播与推测执行；比 MapReduce 更少磁盘IO、更少任务调度开销，迭代与即席查询更高效。\", \"timestamp\": \"2026-04-18T02:08:30.398209\"}, {\"role\": \"interviewer\", \"content\": \"回答得挺全面，特别是提到了推测执行和优化 IO，那在实际项目中，如果 Spark 计算出现严重的 DataSkew（数据倾斜），你会具体怎么排查和解决？\", \"timestamp\": \"2026-04-18T02:08:36.618565\"}, {\"role\": \"candidate\", \"content\": \"先通过 Spark UI 查看 task 分布定位倾斜 key，再对大 key 加盐打散、小表广播 join，配合分区重平衡与空值过滤，缓解 shuffle 倾斜。\", \"timestamp\": \"2026-04-18T02:08:53.737048\"}, {\"role\": \"interviewer\", \"content\": \"对数据倾斜的处理很扎实，那结合你简历里微服务开发背景，如果要把 Spark 计算结果实时写入 HBase，遇到 HBase 写入热点（Hotspot）导致 RegionServer 崩溃，你会怎么设计和优化？\", \"timestamp\": \"2026-04-18T02:09:00.165995\"}, {\"role\": \"candidate\", \"content\": \"预分区打散 RowKey，加盐 + 反转时间戳避免单 Region 热点；Spark 批量提交 + 限流写入，开启 WAL 异步刷盘，配合预分区与负载均衡，防止节点压垮。\", \"timestamp\": \"2026-04-18T02:09:17.298762\"}, {\"role\": \"interviewer\", \"content\": \"你的 HBase 热点优化方案很成熟，考虑到你简历里重点标注的是 Python 后端开发，能否分享一个你在 Python 项目中处理高并发场景的具体案例，当时是如何保证服务稳定性的？\", \"timestamp\": \"2026-04-18T02:09:23.463606\"}, {\"role\": \"candidate\", \"content\": \"在Python高并发接口中，用gevent协程提升并发量，结合Redis分布式锁防超卖，加令牌桶限流，超时自动释放，保证峰值流量下服务不崩溃、数据一致。\", \"timestamp\": \"2026-04-18T02:09:43.703508\"}, {\"role\": \"interviewer\", \"content\": \"提到 gevent 和分布式锁，能具体讲讲你在 Python 服务里是如何处理那些“死锁”或者锁超时导致业务卡住的场景的吗？\", \"timestamp\": \"2026-04-18T02:09:49.263907\"}, {\"role\": \"candidate\", \"content\": \"结合 gevent + 分布式锁，我是这么处理死锁与锁超时的：给锁设置自动过期时间，业务逻辑用超时装饰器包裹，超时主动释放锁；gevent 开启超时监控，异常时强制解锁，避免协程挂死。\", \"timestamp\": \"2026-04-18T02:10:00.835893\"}, {\"role\": \"interviewer\", \"content\": \"你对 Python 并发和分布式锁的实战处理很细腻，既然你更偏向 Python 后端，那最后一个问题想听听你对 Flink 或 Spark Streaming 这类流式计算在实时数据平台中的应用，在你过往的项目中是否有涉及，如果有，遇到的最大挑战是什么？\", \"timestamp\": \"2026-04-18T02:10:08.578422\"}, {\"role\": \"candidate\", \"content\": \"参与过基于Flink的实时数仓建设，核心做用户行为实时计算与指标大屏。最大挑战是**乱序数据与窗口延迟**，通过设置合理水位线、侧输出流兜底迟到数据，兼顾实时性与准确性。\", \"timestamp\": \"2026-04-18T02:10:23.452248\"}, {\"role\": \"interviewer\", \"content\": \"今天的面试就到这里，感谢你的时间，我们会有后续通知。\", \"timestamp\": \"2026-04-18T02:10:23.455671\"}]', '已完成', '2026-04-18 02:07:49', '2026-04-18 02:10:23');
INSERT INTO `interviews` VALUES (93, 1, 2, 20, '对话式-中级', '[{\"role\": \"system\", \"is_ended\": false, \"job_info\": {\"title\": \"前端开发工程师\", \"location\": \"北京\", \"description\": \"负责公司Web应用的前端开发，与设计师和后端工程师协作，打造优秀的用户体验。\", \"salary_range\": \"18k-30k\", \"required_skills\": \"Vue.js,React,TypeScript,Webpack,Element UI\", \"education_required\": \"本科\"}, \"difficulty\": \"中级\", \"candidate_info\": {\"major\": \"计算机科学与技术\", \"skills\": \"Python,FastAPI,MySQL,Redis,Docker\", \"education\": \"本科\", \"real_name\": \"张三\", \"target_job\": \"python工程师\", \"work_experience\": \"3-5年\", \"self_introduction\": \"热爱编程，注重代码质量，善于解决复杂技术问题。具备良好的团队协作能力和学习能力。\", \"experience_summary\": \"3年Python后端开发经验，熟悉微服务架构，有大型项目经验。\"}, \"question_count\": 5}, {\"role\": \"interviewer\", \"content\": \"你好，欢迎开始面试。鉴于岗位要求，请用 Vue 和 React 两种框架对比解释一下它们的响应式原理有何不同？\", \"timestamp\": \"2026-04-18T16:04:39.163782\"}, {\"role\": \"candidate\", \"content\": \"Vue基于数据劫持，通过Proxy监听对象属性，自动追踪依赖更新视图；React靠状态setState触发重渲染，依赖diff对比，需手动优化避免不必要更新。\", \"timestamp\": \"2026-04-18T16:04:54.191180\"}, {\"role\": \"interviewer\", \"content\": \"这个总结非常准确，Vue 2 用 Object.defineProperty 而 Vue 3 改用 Proxy 确实是个关键进化点，那在 React 中，你提到依赖 diff 对比时，如果组件状态频繁变化，你会在架构上如何设计来减少这种不必要的重渲染开销？\", \"timestamp\": \"2026-04-18T16:05:02.269981\"}, {\"role\": \"candidate\", \"content\": \"状态频繁变化时，拆分细粒度组件，用React.memo、useMemo、useCallback缓存，结合状态分片与防抖节流，减少diff与无效重渲染。\", \"timestamp\": \"2026-04-18T16:09:57.061765\"}, {\"role\": \"interviewer\", \"content\": \"你提到的细粒度拆分和缓存策略确实很实用，那在实际项目中，如果团队同时维护 Vue 和 React 代码，遇到跨框架数据同步的需求，你会选择哪种架构模式来降低耦合成本？\", \"timestamp\": \"2026-04-18T16:10:03.947352\"}, {\"role\": \"candidate\", \"content\": \"采用**事件总线+全局状态桥接模式**，通过独立Store做数据源，Vue/React仅订阅分发事件，互不侵入，统一接口降低跨框架同步与维护成本。\", \"timestamp\": \"2026-04-18T16:10:17.546615\"}, {\"role\": \"interviewer\", \"content\": \"这种跨框架桥接的解耦思路很清晰，不过你在技能标签里只写了 Vue、React 和 TypeScript，却没提 Webpack，而在项目里又必须构建这几种混合应用，那在实际配置 Webpack 时，如果遇到多版本依赖或构建链断裂的问题，你是如何排查和解决的？\", \"timestamp\": \"2026-04-18T16:10:25.499408\"}, {\"role\": \"candidate\", \"content\": \"排查依赖冲突时用webpack-bundle-analyzer分析重复包，通过externals抽离公共库，配置resolve.alias统一版本，搭配babel预设兼容，修复构建链断裂问题。\", \"timestamp\": \"2026-04-18T16:10:32.181564\"}, {\"role\": \"interviewer\", \"content\": \"Webpack 的构建优化手段很全面了，考虑到候选人简历中 Python 和后端技能较多，在混合前端项目中，你们团队是如何协作管理构建与部署流程的？\", \"timestamp\": \"2026-04-18T16:10:38.106055\"}]', '进行中', '2026-04-18 16:04:24', NULL);
INSERT INTO `interviews` VALUES (94, 1, 2, 20, '对话式-中级', '[{\"role\": \"system\", \"is_ended\": true, \"job_info\": {\"title\": \"前端开发工程师\", \"location\": \"北京\", \"description\": \"负责公司Web应用的前端开发，与设计师和后端工程师协作，打造优秀的用户体验。\", \"salary_range\": \"18k-30k\", \"required_skills\": \"Vue.js,React,TypeScript,Webpack,Element UI\", \"education_required\": \"本科\"}, \"difficulty\": \"中级\", \"candidate_info\": {\"major\": \"计算机科学与技术\", \"skills\": \"Python,FastAPI,MySQL,Redis,Docker\", \"education\": \"本科\", \"real_name\": \"张三\", \"target_job\": \"python工程师\", \"work_experience\": \"3-5年\", \"self_introduction\": \"热爱编程，注重代码质量，善于解决复杂技术问题。具备良好的团队协作能力和学习能力。\", \"experience_summary\": \"3年Python后端开发经验，熟悉微服务架构，有大型项目经验。\"}, \"question_count\": 4}, {\"role\": \"interviewer\", \"content\": \"你好，我们直接开始吧。请问在 Vue.js 和 React 项目中，你通常如何选择构建工具（如 Webpack 或 Vite）来优化大型应用的性能？如果遇到复杂的依赖冲突或打包体积过大，你会采取哪些具体的优化策略？\", \"timestamp\": \"2026-04-18T16:14:50.825414\"}, {\"role\": \"candidate\", \"content\": \"Vue 项目优先 Vite，利用 esbuild 极速编译；React 复杂工程按需用 Webpack，兼顾生态兼容。依赖冲突锁定版本，体积优化做代码分割、懒加载与第三方库抽离。\", \"timestamp\": \"2026-04-18T16:23:27.734961\"}, {\"role\": \"interviewer\", \"content\": \"这个回答挺清晰，既然你熟悉 Webpack 和代码分割，那在你们之前的 Python + FastAPI 后端项目中，是如何通过 Redis 或 Docker 这种技术手段来提升整体系统性能的呢？\", \"timestamp\": \"2026-04-18T16:23:45.477151\"}, {\"role\": \"candidate\", \"content\": \"用Docker容器化FastAPI服务，实现快速扩缩容与环境一致；Redis缓存高频查询结果，减轻数据库压力，配合过期策略保证数据新鲜，大幅提升接口响应与系统吞吐。\", \"timestamp\": \"2026-04-18T16:24:04.329680\"}, {\"role\": \"interviewer\", \"content\": \"回答很扎实，不过我看你的技能标签里主要是 Python 后端，想问问你作为前端候选人，如果在 Vue 项目中遇到了复杂的性能瓶颈（比如长列表渲染卡顿），你会如何排查和解决？\", \"timestamp\": \"2026-04-18T16:24:10.477845\"}, {\"role\": \"candidate\", \"content\": \"排查长列表卡顿，先定位重绘与滚动阻塞问题，再用虚拟滚动只渲染可视区域，配合懒加载、列表项虚拟化、数据分片，大幅减少DOM节点与渲染压力。\", \"timestamp\": \"2026-04-18T16:24:18.610906\"}, {\"role\": \"interviewer\", \"content\": \"你的方案很标准，那如果在实际项目中，你是如何平衡虚拟滚动带来的额外性能开销与复杂交互逻辑（比如拖拽、拖拽排序）之间的兼容性的呢？\", \"timestamp\": \"2026-04-18T16:24:24.314068\"}, {\"role\": \"candidate\", \"content\": \"优先可视区渲染+外层固定容器，拖拽时临时关闭虚拟计算，仅操作数据索引，滚动恢复后重新定位，兼顾流畅度与排序逻辑，减少DOM冲突。\", \"timestamp\": \"2026-04-18T16:24:40.196755\"}, {\"role\": \"interviewer\", \"content\": \"今天的面试就到这里，感谢你的时间，我们会有后续通知。\", \"timestamp\": \"2026-04-18T16:24:40.199100\"}]', '已完成', '2026-04-18 16:14:42', '2026-04-18 16:24:40');
INSERT INTO `interviews` VALUES (95, 1, 1, 1, '对话式-中级', '[{\"role\": \"system\", \"is_ended\": true, \"job_info\": {\"title\": \"AI算法工程师\", \"location\": \"北京\", \"description\": \"1. 负责机器学习、深度学习算法的全流程研发与落地，完成数据预处理、特征工程、模型构建及效果验证，解决项目常规技术难题。\", \"salary_range\": \"20k-35k\", \"required_skills\": \"Python,FastAPI,Django,MySQL,Redis,Docker,Kubernetes\", \"education_required\": \"本科\"}, \"difficulty\": \"中级\", \"candidate_info\": {\"major\": \"计算机科学与技术\", \"skills\": \"Python,FastAPI,MySQL,Redis,Docker\", \"education\": \"本科\", \"real_name\": \"张三\", \"target_job\": \"python工程师\", \"work_experience\": \"3-5年\", \"self_introduction\": \"热爱编程，注重代码质量，善于解决复杂技术问题。具备良好的团队协作能力和学习能力。\", \"experience_summary\": \"3年Python后端开发经验，熟悉微服务架构，有大型项目经验。\"}, \"question_count\": 3}, {\"role\": \"interviewer\", \"content\": \"你好，欢迎加入我们的面试。首先，请描述一个你使用 Python 和 FastAPI 构建高性能 AI 推理服务的实战经验：你如何设计 API 接口以最大化 QPS，并在该服务中集成 Redis 和 MySQL 来处理上下文缓存与用户数据存储？\", \"timestamp\": \"2026-04-18T16:35:45.840825\"}, {\"role\": \"candidate\", \"content\": \"采用FastAPI异步接口+模型批处理提升QPS，Redis缓存会话上下文，MySQL持久化用户数据，异步非阻塞IO降低延迟，实现高吞吐AI推理服务。\", \"timestamp\": \"2026-04-18T16:36:41.527155\"}, {\"role\": \"interviewer\", \"content\": \"这个回答很精炼，能具体讲讲你提到的“模型批处理”是怎么设计的吗？比如你是如何平衡批大小（batch size）以在吞吐量和质量之间取得最佳平衡的？\", \"timestamp\": \"2026-04-18T16:36:48.374730\"}, {\"role\": \"candidate\", \"content\": \"模型批处理采用动态批收集策略，根据请求量自动调整 batch size。兼顾 GPU 利用率与推理时延，避免过大批次导致超时，在吞吐量与响应质量间找到最优平衡点。\", \"timestamp\": \"2026-04-18T16:36:58.009043\"}, {\"role\": \"interviewer\", \"content\": \"这个动态批处理策略考虑得很周全，那在部署环节，你之前提到的 Docker 和 Kubernetes 具体是如何配置资源限制（如 OOM 保护）以及利用 K8s 进行服务扩缩容的？\", \"timestamp\": \"2026-04-18T16:37:04.557006\"}, {\"role\": \"candidate\", \"content\": \"Docker设置内存CPU上限，开启OOM终止保护；K8s配置HPA基于CPU与QPS自动扩缩容，结合节点亲和性调度，保障AI服务稳定运行。\", \"timestamp\": \"2026-04-18T16:37:20.747562\"}, {\"role\": \"interviewer\", \"content\": \"今天的面试就到这里，感谢你的时间，我们会有后续通知。\", \"timestamp\": \"2026-04-18T16:37:20.749557\"}]', '已完成', '2026-04-18 16:35:25', '2026-04-18 16:37:21');
INSERT INTO `interviews` VALUES (100, 1, 7, NULL, '对话式-中级', '[{\"role\": \"system\", \"is_ended\": true, \"job_info\": {\"title\": \"风控算法工程师\", \"location\": \"上海\", \"description\": \"负责金融风控模型的研发与优化，识别欺诈行为，降低风险。\", \"salary_range\": \"30k-50k\", \"required_skills\": \"Python,机器学习,TensorFlow,SQL,Spark\", \"education_required\": \"本科\"}, \"difficulty\": \"中级\", \"candidate_info\": {\"major\": \"计算机科学与技术\", \"skills\": \"Python,FastAPI,MySQL,Redis,Docker\", \"education\": \"本科\", \"real_name\": \"张三\", \"target_job\": \"python工程师\", \"work_experience\": \"3-5年\", \"self_introduction\": \"热爱编程，注重代码质量，善于解决复杂技术问题。具备良好的团队协作能力和学习能力。\", \"experience_summary\": \"3年Python后端开发经验，熟悉微服务架构，有大型项目经验。\"}, \"question_count\": 3}, {\"role\": \"interviewer\", \"content\": \"你好，欢迎加入我们的技术面试。请直接用技术回答，无需自我介绍。第一个问题：在风控场景下，如果训练数据存在严重的样本不均衡（正负样本比 1:100），你会如何利用 Python 和 TensorFlow 构建模型并处理这种不均衡？请简述你的策略（如采样方法、损失函数选择）以及如何在后续线上服务中评估模型效果。\", \"timestamp\": \"2026-04-18T17:48:15.795432\"}, {\"role\": \"candidate\", \"content\": \"采用Python做欠采样与过采样结合，TensorFlow用类别权重与Focal Loss；线上以精确率、召回率、F1及KS值评估，监控误拒与漏过率。\", \"timestamp\": \"2026-04-18T17:48:48.992842\"}, {\"role\": \"interviewer\", \"content\": \"回答得很清晰，这种混合采样结合类别权重与 Focal Loss 的思路确实很务实，能很好平衡正负样本和解决难分类样本问题。那我想再深入问问，在你提到的“监控误拒与漏过率”时，如果线上发现模型表现突然下降（比如 KS 值骤降），通常会从哪些数据或特征维度去排查原因？\", \"timestamp\": \"2026-04-18T17:48:58.368438\"}, {\"role\": \"candidate\", \"content\": \"一般从**数据漂移、特征失效、标签异常、线上线下不一致**四个维度快速排查，50字精简版：\\n先查特征分布漂移与缺失率突变，再核对标签准确性、样本时效性，对比线上线下特征差异，排查数据 pipeline 异常与流量结构变化。\", \"timestamp\": \"2026-04-18T17:49:11.509173\"}, {\"role\": \"interviewer\", \"content\": \"你对“特征失效”的排查思路很敏锐，那如果某个核心特征（比如设备指纹）在部分渠道突然缺失或分布发生质变，你除了监控，会在模型部署架构上做哪些优化来应对这种突发情况？\", \"timestamp\": \"2026-04-18T17:49:18.234704\"}, {\"role\": \"candidate\", \"content\": \"设计特征降级与多路并行推理架构，缺失时启用备用特征子集，部署异构模型兜底，结合流量切分与实时特征校验，保障服务稳定性。\", \"timestamp\": \"2026-04-18T17:49:26.963889\"}, {\"role\": \"interviewer\", \"content\": \"今天的面试就到这里，感谢你的时间，我们会有后续通知。\", \"timestamp\": \"2026-04-18T17:49:26.967424\"}]', '已完成', '2026-04-18 17:48:07', '2026-04-18 17:49:27');
INSERT INTO `interviews` VALUES (101, 1, 2, 20, '对话式-中级', '[{\"role\": \"system\", \"is_ended\": true, \"job_info\": {\"title\": \"前端开发工程师\", \"location\": \"北京\", \"description\": \"负责公司Web应用的前端开发，与设计师和后端工程师协作，打造优秀的用户体验。\", \"salary_range\": \"18k-30k\", \"required_skills\": \"Vue.js,React,TypeScript,Webpack,Element UI\", \"education_required\": \"本科\"}, \"difficulty\": \"中级\", \"candidate_info\": {\"major\": \"计算机科学与技术\", \"skills\": \"Python,FastAPI,MySQL,Redis,Docker\", \"education\": \"本科\", \"real_name\": \"张三\", \"target_job\": \"python工程师\", \"work_experience\": \"3-5年\", \"self_introduction\": \"热爱编程，注重代码质量，善于解决复杂技术问题。具备良好的团队协作能力和学习能力。\", \"experience_summary\": \"3年Python后端开发经验，熟悉微服务架构，有大型项目经验。\"}, \"question_count\": 3}, {\"role\": \"interviewer\", \"content\": \"你好，欢迎参加前端开发工程师的面试。我们跳过自我介绍，请回答第一个问题：请结合 Vue.js 和 React，谈谈它们在响应式原理上的核心区别，并举例说明 TypeScript 在配置 Webpack 时如何优化 Element UI 组件库的编译体积。\", \"timestamp\": \"2026-04-19T00:14:16.800785\"}, {\"role\": \"candidate\", \"content\": \"Vue基于数据劫持（Object.defineProperty/Proxy）实现响应式，自动追踪依赖；React依赖状态不可变更新，通过setState触发重渲染。TS配合Webpack配置externals、按需引入、tree-shaking剔除Element UI未用组件，减小打包体积。\", \"timestamp\": \"2026-04-19T00:15:04.306875\"}, {\"role\": \"interviewer\", \"content\": \"回答得很清晰，既然你熟悉 Element UI 的打包优化，那我想结合你简历里提到的后端经验深入一点：你在之前的项目中，是如何通过 Docker 等基础设施来支持前端和后端微服务协同发布的？\", \"timestamp\": \"2026-04-19T00:15:11.262472\"}, {\"role\": \"candidate\", \"content\": \"在项目中，我用Docker将前后端微服务分别打包为独立镜像，通过Docker Compose编排启动顺序与网络，配合私有镜像仓库统一管理版本。\\n发布时按后端服务→前端静态资源的顺序滚动更新，确保接口就绪后前端才上线，实现环境一致、快速协同发布。\", \"timestamp\": \"2026-04-19T00:15:22.911413\"}, {\"role\": \"interviewer\", \"content\": \"这个回答很扎实，不过我注意到你简历的技能标签主要是 Python 后端技术栈，想确认一下：你目前对 React、TypeScript 或 Element UI 这些前端核心技术的实际掌握程度如何？\", \"timestamp\": \"2026-04-19T00:15:29.349461\"}, {\"role\": \"candidate\", \"content\": \"我熟悉React基础语法与TS类型规范，能结合Element UI搭建后台页面，可独立完成简单前端开发，能配合后端接口联调，但核心仍聚焦Python后端，前端以实用应用为主。\", \"timestamp\": \"2026-04-19T00:16:21.419246\"}, {\"role\": \"interviewer\", \"content\": \"今天的面试就到这里，感谢你的时间，我们会有后续通知。\", \"timestamp\": \"2026-04-19T00:16:21.422248\"}]', '已完成', '2026-04-19 00:13:58', '2026-04-19 00:16:21');
INSERT INTO `interviews` VALUES (107, 1, 1, 1, '对话式-中级', '[{\"role\": \"system\", \"is_ended\": false, \"job_info\": {\"title\": \"AI算法工程师\", \"location\": \"北京\", \"description\": \"1. 负责机器学习、深度学习算法的全流程研发与落地，完成数据预处理、特征工程、模型构建及效果验证，解决项目常规技术难题。\", \"salary_range\": \"20k-35k\", \"required_skills\": \"Python,FastAPI,Django,MySQL,Redis,Docker,Kubernetes\", \"education_required\": \"本科\"}, \"difficulty\": \"中级\", \"candidate_info\": {\"major\": \"计算机科学与技术\", \"skills\": \"Python,FastAPI,MySQL,Redis,Docker\", \"education\": \"本科\", \"real_name\": \"张三\", \"target_job\": \"python工程师\", \"work_experience\": \"3-5年\", \"self_introduction\": \"热爱编程，注重代码质量，善于解决复杂技术问题。具备良好的团队协作能力和学习能力。\", \"experience_summary\": \"3年Python后端开发经验，熟悉微服务架构，有大型项目经验。\"}, \"question_count\": 1}, {\"role\": \"interviewer\", \"content\": \"你好，我们跳过自我介绍，直接开始。如果让你重构一个高并发的推荐服务，要求将原有的单体 Django 架构迁移至 Kubernetes 上的微服务架构，并使用 Redis 做缓存层，你会如何设计整体的系统架构？特别是针对 Python 异步并发处理和数据一致性保证，你有哪些具体的技术方案和避坑经验？\", \"timestamp\": \"2026-04-19T02:36:40.605758\"}]', '进行中', '2026-04-19 02:36:24', NULL);
INSERT INTO `interviews` VALUES (108, 1, 1, 1, '对话式-中级', '[{\"role\": \"system\", \"is_ended\": false, \"job_info\": {\"title\": \"AI算法工程师\", \"location\": \"北京\", \"description\": \"1. 负责机器学习、深度学习算法的全流程研发与落地，完成数据预处理、特征工程、模型构建及效果验证，解决项目常规技术难题。\", \"salary_range\": \"20k-35k\", \"required_skills\": \"Python,FastAPI,Django,MySQL,Redis,Docker,Kubernetes\", \"education_required\": \"本科\"}, \"difficulty\": \"中级\", \"candidate_info\": {\"major\": \"计算机科学与技术\", \"skills\": \"Python,FastAPI,MySQL,Redis,Docker\", \"education\": \"本科\", \"real_name\": \"张三\", \"target_job\": \"python工程师\", \"work_experience\": \"3-5年\", \"self_introduction\": \"热爱编程，注重代码质量，善于解决复杂技术问题。具备良好的团队协作能力和学习能力。\", \"experience_summary\": \"3年Python后端开发经验，熟悉微服务架构，有大型项目经验。\"}, \"question_count\": 1}, {\"role\": \"interviewer\", \"content\": \"你好，我们跳过自我介绍，直接开始。请结合你过往的 AI 项目经验回答：假设我们要将一个大模型推理服务部署到生产环境，请描述你如何设计一个基于 FastAPI 和 Docker 的高并发网关，并详细说明如何利用 Kubernetes 进行弹性伸缩、如何通过 Redis 优化缓存策略以提升响应速度，以及在 Django 后端中应如何设计数据模型来保证 MySQL 在写密集型场景下的数据一致性，最后请分享你在团队协作中如何处理因技术选型导致的分歧。\", \"timestamp\": \"2026-04-19T02:37:02.157648\"}]', '进行中', '2026-04-19 02:36:53', NULL);
INSERT INTO `interviews` VALUES (109, 1, 7, NULL, '对话式-中级', '[{\"role\": \"system\", \"is_ended\": false, \"job_info\": {\"title\": \"风控算法工程师\", \"location\": \"上海\", \"description\": \"负责金融风控模型的研发与优化，识别欺诈行为，降低风险。\", \"salary_range\": \"30k-50k\", \"required_skills\": \"Python,机器学习,TensorFlow,SQL,Spark\", \"education_required\": \"本科\"}, \"difficulty\": \"中级\", \"candidate_info\": {\"major\": \"计算机科学与技术\", \"skills\": \"Python,FastAPI,MySQL,Redis,Docker\", \"education\": \"本科\", \"real_name\": \"张三\", \"target_job\": \"python工程师\", \"work_experience\": \"3-5年\", \"self_introduction\": \"热爱编程，注重代码质量，善于解决复杂技术问题。具备良好的团队协作能力和学习能力。\", \"experience_summary\": \"3年Python后端开发经验，熟悉微服务架构，有大型项目经验。\"}, \"question_count\": 1}, {\"role\": \"interviewer\", \"content\": \"你好，请开始回答以下问题：在风控系统中，若需将用户行为序列的实时特征（基于 TensorFlow 建模）与离线 Spark 全量标签数据结合以应对欺诈团伙，请描述你会如何设计数据融合架构？特别是在模型部署阶段，如何利用 Python 环境高效地利用 SQL 从数据库提取关键特征，并验证该项目中特征工程逻辑的真实性与可落地性？\", \"timestamp\": \"2026-04-19T02:37:27.562430\"}]', '进行中', '2026-04-19 02:37:19', NULL);

-- ----------------------------
-- Table structure for jobs
-- ----------------------------
DROP TABLE IF EXISTS `jobs`;
CREATE TABLE `jobs`  (
  `id` int(11) NOT NULL AUTO_INCREMENT COMMENT '主键',
  `hr_id` int(11) NOT NULL COMMENT 'HR表主键',
  `title` varchar(100) CHARACTER SET utf8mb4 COLLATE utf8mb4_unicode_ci NOT NULL COMMENT '岗位名称',
  `description` text CHARACTER SET utf8mb4 COLLATE utf8mb4_unicode_ci NULL COMMENT '岗位描述',
  `required_skills` text CHARACTER SET utf8mb4 COLLATE utf8mb4_unicode_ci NULL COMMENT '所需技能(逗号分隔)',
  `salary_range` varchar(50) CHARACTER SET utf8mb4 COLLATE utf8mb4_unicode_ci NULL DEFAULT NULL COMMENT '薪资范围',
  `location` varchar(50) CHARACTER SET utf8mb4 COLLATE utf8mb4_unicode_ci NULL DEFAULT NULL COMMENT '工作地点',
  `education_required` varchar(50) CHARACTER SET utf8mb4 COLLATE utf8mb4_unicode_ci NULL DEFAULT NULL COMMENT '学历要求',
  `work_experience` varchar(50) CHARACTER SET utf8mb4 COLLATE utf8mb4_unicode_ci NULL DEFAULT NULL COMMENT '工作经验要求',
  `status` varchar(20) CHARACTER SET utf8mb4 COLLATE utf8mb4_unicode_ci NULL DEFAULT 'active' COMMENT '岗位状态',
  `is_active` tinyint(1) NULL DEFAULT 1 COMMENT '是否激活',
  `created_at` datetime NULL DEFAULT CURRENT_TIMESTAMP COMMENT '创建时间更新时间',
  `updated_at` datetime NULL DEFAULT CURRENT_TIMESTAMP ON UPDATE CURRENT_TIMESTAMP COMMENT '更新时间',
  `hiring_count` int(11) NULL DEFAULT 1 COMMENT '招聘人数',
  PRIMARY KEY (`id`) USING BTREE,
  INDEX `hr_id`(`hr_id`) USING BTREE,
  INDEX `idx_is_active`(`is_active`) USING BTREE,
  INDEX `idx_created_at`(`created_at`) USING BTREE,
  CONSTRAINT `jobs_ibfk_1` FOREIGN KEY (`hr_id`) REFERENCES `hr_profiles` (`id`) ON DELETE CASCADE ON UPDATE RESTRICT
) ENGINE = InnoDB AUTO_INCREMENT = 27 CHARACTER SET = utf8mb4 COLLATE = utf8mb4_unicode_ci COMMENT = '岗位信息实体' ROW_FORMAT = Dynamic;

-- ----------------------------
-- Records of jobs
-- ----------------------------
INSERT INTO `jobs` VALUES (1, 1, 'AI算法工程师', '1. 负责机器学习、深度学习算法的全流程研发与落地，完成数据预处理、特征工程、模型构建及效果验证，解决项目常规技术难题。', 'Python,FastAPI,Django,MySQL,Redis,Docker,Kubernetes', '20k-35k', '北京', '本科', '3-5年', 'completed', 1, '2026-03-07 23:41:45', '2026-04-17 17:52:53', 4);
INSERT INTO `jobs` VALUES (2, 1, '前端开发工程师', '负责公司Web应用的前端开发，与设计师和后端工程师协作，打造优秀的用户体验。', 'Vue.js,React,TypeScript,Webpack,Element UI', '18k-30k', '北京', '本科', '1-3年', 'active', 1, '2026-03-07 23:41:45', '2026-03-08 11:45:53', 2);
INSERT INTO `jobs` VALUES (3, 1, '全栈开发工程师', '独立负责项目的前后端开发，参与产品需求讨论和技术方案设计。', 'Python,JavaScript,Vue.js,FastAPI,MySQL,Redis', '25k-40k', '北京', '本科', '3-5年', 'active', 1, '2026-03-07 23:41:45', '2026-03-08 11:45:53', 1);
INSERT INTO `jobs` VALUES (4, 1, 'Go后端开发工程师', '负责云原生平台的研发，使用Go语言开发高性能微服务。', 'Go,Kubernetes,Docker,gRPC,Etcd,Redis', '22k-40k', '北京', '本科', '3-5年', 'active', 1, '2026-03-07 23:41:45', '2026-03-08 11:45:53', 1);
INSERT INTO `jobs` VALUES (5, 2, 'Java开发工程师', '参与金融核心系统的开发与维护，确保系统的稳定性和安全性。', 'Java,Spring Boot,MyBatis,MySQL,Redis,RabbitMQ', '22k-38k', '上海', '本科', '3-5年', 'active', 1, '2026-03-07 23:41:45', '2026-03-08 11:45:53', 1);
INSERT INTO `jobs` VALUES (6, 2, '大数据开发工程师', '负责公司数据平台的建设，处理海量数据的采集、存储和分析。', 'Hadoop,Spark,Flink,Kafka,HBase,Python', '25k-45k', '上海', '本科', '3-5年', 'active', 1, '2026-03-07 23:41:45', '2026-03-08 11:45:54', 1);
INSERT INTO `jobs` VALUES (7, 2, '风控算法工程师', '负责金融风控模型的研发与优化，识别欺诈行为，降低风险。', 'Python,机器学习,TensorFlow,SQL,Spark', '30k-50k', '上海', '本科', '3-5年', 'active', 1, '2026-03-07 23:41:45', '2026-03-08 11:45:54', 1);
INSERT INTO `jobs` VALUES (8, 3, 'Python开发工程师', '负责在线教育平台后端开发，优化课程推荐算法。', 'Python,Django,MySQL,Redis,Elasticsearch', '18k-30k', '深圳', '本科', '1-3年', 'active', 1, '2026-03-07 23:41:45', '2026-03-08 11:45:54', 1);
INSERT INTO `jobs` VALUES (9, 3, '前端开发工程师', '负责教育平台Web端和移动端H5页面开发。', 'Vue.js,React,微信小程序,Uniapp', '15k-25k', '深圳', '本科', '1-3年', 'active', 1, '2026-03-07 23:41:45', '2026-03-08 11:45:54', 1);
INSERT INTO `jobs` VALUES (10, 3, '测试工程师', '负责教育平台的功能测试、性能测试和自动化测试。', 'Python,Selenium,Jmeter,Postman,Linux', '12k-20k', '深圳', '本科', '1-3年', 'active', 1, '2026-03-07 23:41:45', '2026-03-08 11:45:54', 1);
INSERT INTO `jobs` VALUES (11, 4, 'Unity游戏开发工程师', '负责手游客户端开发，参与游戏玩法设计与实现。', 'Unity3D,C#,Lua,Git,Shader', '20k-35k', '广州', '本科', '3-5年', 'active', 1, '2026-03-07 23:41:45', '2026-03-08 11:45:54', 1);
INSERT INTO `jobs` VALUES (12, 4, '游戏服务端开发工程师', '负责游戏服务器架构设计与开发，处理高并发场景。', 'Go,Redis,MongoDB,MySQL,消息队列', '22k-40k', '广州', '本科', '3-5年', 'active', 1, '2026-03-07 23:41:45', '2026-03-08 11:45:54', 1);
INSERT INTO `jobs` VALUES (13, 4, 'UI设计师', '负责游戏UI界面设计，提升用户体验。', 'Photoshop,Sketch,Figma,Illustrator', '12k-22k', '广州', '本科', '1-3年', 'active', 1, '2026-03-07 23:41:45', '2026-03-08 11:45:54', 1);
INSERT INTO `jobs` VALUES (20, 1, 'UI设计师', '负责游戏UI界面设计，提升用户体验。', 'html,JS,vue.js,Photoshop,Sketch,Figma,Illustrator', '20k-22k', '深圳', '本科', '应届毕业生', 'active', 1, '2026-03-07 23:41:45', '2026-03-08 11:45:54', 2);
INSERT INTO `jobs` VALUES (21, 1, '资深python工程师', '需要资深工程师', 'python', '11k', '广州', '不限', '不限', 'active', 0, '2026-03-07 23:41:45', '2026-03-20 12:00:14', 1);
INSERT INTO `jobs` VALUES (22, 1, 'UI设计师', '负责游戏UI界面设计，提升用户体验', 'html,ja,vue', '20k-22k', '深圳', '本科', '应届毕业生', 'active', 1, '2026-03-08 19:33:52', '2026-03-20 15:20:33', 2);

-- ----------------------------
-- Table structure for messages
-- ----------------------------
DROP TABLE IF EXISTS `messages`;
CREATE TABLE `messages`  (
  `id` int(11) NOT NULL AUTO_INCREMENT COMMENT '主键',
  `sender_id` int(11) NOT NULL COMMENT '发送者主键',
  `receiver_id` int(11) NOT NULL COMMENT '接收者主键',
  `content` text CHARACTER SET utf8mb4 COLLATE utf8mb4_unicode_ci NOT NULL COMMENT '消息内容',
  `is_read` tinyint(1) NULL DEFAULT 0 COMMENT '是否已读',
  `job_id` int(11) NULL DEFAULT NULL COMMENT '关联岗位主键',
  `extra_data` json NULL COMMENT '额外数据',
  `created_at` datetime NULL DEFAULT CURRENT_TIMESTAMP COMMENT '创建时间',
  PRIMARY KEY (`id`) USING BTREE,
  INDEX `sender_id`(`sender_id`) USING BTREE,
  INDEX `receiver_id`(`receiver_id`) USING BTREE,
  INDEX `job_id`(`job_id`) USING BTREE,
  CONSTRAINT `messages_ibfk_1` FOREIGN KEY (`sender_id`) REFERENCES `users` (`id`) ON DELETE CASCADE ON UPDATE RESTRICT,
  CONSTRAINT `messages_ibfk_2` FOREIGN KEY (`receiver_id`) REFERENCES `users` (`id`) ON DELETE CASCADE ON UPDATE RESTRICT,
  CONSTRAINT `messages_ibfk_3` FOREIGN KEY (`job_id`) REFERENCES `jobs` (`id`) ON DELETE SET NULL ON UPDATE RESTRICT
) ENGINE = InnoDB AUTO_INCREMENT = 239 CHARACTER SET = utf8mb4 COLLATE = utf8mb4_unicode_ci COMMENT = '消息表' ROW_FORMAT = Dynamic;

-- ----------------------------
-- Records of messages
-- ----------------------------
INSERT INTO `messages` VALUES (235, 2, 6, '你好！', 0, NULL, 'null', '2026-04-24 00:08:47');
INSERT INTO `messages` VALUES (236, 6, 2, '你好！', 0, NULL, 'null', '2026-04-24 00:09:01');
INSERT INTO `messages` VALUES (237, 1, 6, '你好！', 0, NULL, 'null', '2026-04-24 00:09:16');
INSERT INTO `messages` VALUES (238, 1, 2, '你好！', 0, NULL, 'null', '2026-04-24 00:09:20');

-- ----------------------------
-- Table structure for system_config
-- ----------------------------
DROP TABLE IF EXISTS `system_config`;
CREATE TABLE `system_config`  (
  `id` int(11) NOT NULL AUTO_INCREMENT COMMENT '主键　',
  `config_key` varchar(50) CHARACTER SET utf8mb4 COLLATE utf8mb4_unicode_ci NOT NULL COMMENT '配置键',
  `config_value` text CHARACTER SET utf8mb4 COLLATE utf8mb4_unicode_ci NULL COMMENT '配置值',
  `description` varchar(255) CHARACTER SET utf8mb4 COLLATE utf8mb4_unicode_ci NULL DEFAULT NULL COMMENT '描述',
  `updated_at` datetime NULL DEFAULT CURRENT_TIMESTAMP ON UPDATE CURRENT_TIMESTAMP COMMENT '更新时间',
  PRIMARY KEY (`id`) USING BTREE,
  UNIQUE INDEX `config_key`(`config_key`) USING BTREE,
  INDEX `idx_config_key`(`config_key`) USING BTREE
) ENGINE = InnoDB AUTO_INCREMENT = 19 CHARACTER SET = utf8mb4 COLLATE = utf8mb4_unicode_ci COMMENT = '系统配置表' ROW_FORMAT = Dynamic;

-- ----------------------------
-- Records of system_config
-- ----------------------------
INSERT INTO `system_config` VALUES (1, 'site_name', '智能招聘平台', '网站名称', '2026-03-08 19:03:19');
INSERT INTO `system_config` VALUES (2, 'site_title', '面向计算机行业的智能招聘平台', '网站标题', '2026-03-07 23:41:45');
INSERT INTO `system_config` VALUES (3, 'contact_email', 'support@zhihuizp.com', '客服邮箱', '2026-03-07 23:41:45');
INSERT INTO `system_config` VALUES (4, 'contact_phone', '400-123-8888', '客服电话', '2026-03-07 23:41:45');
INSERT INTO `system_config` VALUES (5, 'service_hours', '周一至周五 9:00-18:00', '客服工作时间', '2026-03-07 23:41:45');
INSERT INTO `system_config` VALUES (6, 'business_email', 'business@recruitment.com', '商务合作邮箱', '2026-03-07 23:41:45');
INSERT INTO `system_config` VALUES (7, 'copyright', '2026 智能招聘平台 版权所有', '版权信息', '2026-03-07 23:41:45');
INSERT INTO `system_config` VALUES (8, 'icp_number', '粤ICP备12345678号', 'ICP备案号', '2026-03-07 23:41:45');
INSERT INTO `system_config` VALUES (9, 'platform_slogan', '智能招聘助力对接校企', '平台标语', '2026-03-08 19:01:53');
INSERT INTO `system_config` VALUES (10, 'platform_intro', '智能招聘平台，为求职者和企业提供精准匹配服务', '平台简介', '2026-03-07 23:41:45');
INSERT INTO `system_config` VALUES (11, 'homepage_announcement', '欢迎使用智能招聘平台！我们致力于为您提供最优质的求职与招聘服务！！', '首页公告', '2026-03-08 19:02:47');
INSERT INTO `system_config` VALUES (12, 'personal_interview_questions', '6', '个人面试问题数量', '2026-04-19 02:14:00');
INSERT INTO `system_config` VALUES (13, 'job_interview_questions', '7', '岗位面试问题数量', '2026-04-22 15:44:01');
INSERT INTO `system_config` VALUES (14, 'health_check_interval', '10', '系统健康检查间隔（分钟）', '2026-03-07 23:41:45');
INSERT INTO `system_config` VALUES (15, 'ollama_model', 'qwen3.5:9b', '调用模型名称', '2026-03-08 15:36:40');
INSERT INTO `system_config` VALUES (16, 'ollama_base_url', 'http://localhost:11434', 'ollama调用url', '2026-03-08 15:36:46');
INSERT INTO `system_config` VALUES (17, 'ollama_no_think', 'true', '是否不思考', '2026-04-19 02:12:03');
INSERT INTO `system_config` VALUES (18, 'log_level', 'INFO', NULL, '2026-04-19 02:33:56');

-- ----------------------------
-- Table structure for users
-- ----------------------------
DROP TABLE IF EXISTS `users`;
CREATE TABLE `users`  (
  `id` int(11) NOT NULL AUTO_INCREMENT COMMENT '主键',
  `username` varchar(50) CHARACTER SET utf8mb4 COLLATE utf8mb4_unicode_ci NOT NULL COMMENT '用户名',
  `password_hash` varchar(255) CHARACTER SET utf8mb4 COLLATE utf8mb4_unicode_ci NOT NULL COMMENT '密码哈希',
  `role` varchar(20) CHARACTER SET utf8mb4 COLLATE utf8mb4_unicode_ci NOT NULL COMMENT '角色(candidate/hr/admin)',
  `created_at` datetime NULL DEFAULT CURRENT_TIMESTAMP COMMENT '创建时间',
  `updated_at` datetime NULL DEFAULT CURRENT_TIMESTAMP ON UPDATE CURRENT_TIMESTAMP COMMENT '更新时间',
  PRIMARY KEY (`id`) USING BTREE,
  UNIQUE INDEX `username`(`username`) USING BTREE,
  INDEX `idx_role`(`role`) USING BTREE
) ENGINE = InnoDB AUTO_INCREMENT = 29 CHARACTER SET = utf8mb4 COLLATE = utf8mb4_unicode_ci COMMENT = '用户表' ROW_FORMAT = Dynamic;

-- ----------------------------
-- Records of users
-- ----------------------------
INSERT INTO `users` VALUES (1, 'admin', '8d969eef6ecad3c29a3a629280e686cf0c3f5d5a86aff3ca12020c923adc6c92', 'admin', '2026-04-09 11:30:56', '2026-04-20 00:11:43');
INSERT INTO `users` VALUES (2, '2test', '8d969eef6ecad3c29a3a629280e686cf0c3f5d5a86aff3ca12020c923adc6c92', 'hr', '2026-04-09 11:30:56', '2026-04-20 00:11:43');
INSERT INTO `users` VALUES (3, 'hr_finance', '8d969eef6ecad3c29a3a629280e686cf0c3f5d5a86aff3ca12020c923adc6c92', 'hr', '2026-04-09 11:30:56', '2026-04-20 00:11:43');
INSERT INTO `users` VALUES (4, 'hr_edu', '8d969eef6ecad3c29a3a629280e686cf0c3f5d5a86aff3ca12020c923adc6c92', 'hr', '2026-04-10 11:30:56', '2026-04-20 00:11:43');
INSERT INTO `users` VALUES (5, 'hr_game', '8d969eef6ecad3c29a3a629280e686cf0c3f5d5a86aff3ca12020c923adc6c92', 'hr', '2026-04-16 11:30:56', '2026-04-20 00:11:43');
INSERT INTO `users` VALUES (6, '1test', '8d969eef6ecad3c29a3a629280e686cf0c3f5d5a86aff3ca12020c923adc6c92', 'candidate', '2026-04-20 11:30:56', '2026-04-20 00:11:43');
INSERT INTO `users` VALUES (7, 'candidate_wang', '8d969eef6ecad3c29a3a629280e686cf0c3f5d5a86aff3ca12020c923adc6c92', 'candidate', '2026-04-08 11:30:56', '2026-04-20 00:11:43');
INSERT INTO `users` VALUES (8, 'candidate_li', '8d969eef6ecad3c29a3a629280e686cf0c3f5d5a86aff3ca12020c923adc6c92', 'candidate', '2026-04-20 11:30:56', '2026-04-20 00:11:43');
INSERT INTO `users` VALUES (9, 'candidate_zhao', '8d969eef6ecad3c29a3a629280e686cf0c3f5d5a86aff3ca12020c923adc6c92', 'candidate', '2026-04-18 11:30:56', '2026-04-20 00:11:43');
INSERT INTO `users` VALUES (10, 'candidate_chen', '8d969eef6ecad3c29a3a629280e686cf0c3f5d5a86aff3ca12020c923adc6c92', 'candidate', '2026-04-20 11:30:56', '2026-04-20 00:11:43');
INSERT INTO `users` VALUES (11, 'candidate_liu', '8d969eef6ecad3c29a3a629280e686cf0c3f5d5a86aff3ca12020c923adc6c92', 'candidate', '2026-04-20 11:30:56', '2026-04-20 00:11:43');
INSERT INTO `users` VALUES (12, 'candidate_huang', '8d969eef6ecad3c29a3a629280e686cf0c3f5d5a86aff3ca12020c923adc6c92', 'candidate', '2026-04-09 11:30:56', '2026-04-20 00:11:43');
INSERT INTO `users` VALUES (13, 'candidate_xu', '8d969eef6ecad3c29a3a629280e686cf0c3f5d5a86aff3ca12020c923adc6c92', 'candidate', '2026-04-20 11:30:56', '2026-04-20 00:11:43');

SET FOREIGN_KEY_CHECKS = 1;
